file,class,method,variable,usage
C:\desenvolvimento\tcc-legado\monolito-biblioteca\src\main\java\tcc\legado\util\FeriadoClient.java,tcc.legado.util.FeriadoClient,buscarFeriados/1[int],request,2
C:\desenvolvimento\tcc-legado\monolito-biblioteca\src\main\java\tcc\legado\util\FeriadoClient.java,tcc.legado.util.FeriadoClient,buscarFeriados/1[int],dataStr,1
C:\desenvolvimento\tcc-legado\monolito-biblioteca\src\main\java\tcc\legado\util\FeriadoClient.java,tcc.legado.util.FeriadoClient,buscarFeriados/1[int],ano,2
C:\desenvolvimento\tcc-legado\monolito-biblioteca\src\main\java\tcc\legado\util\FeriadoClient.java,tcc.legado.util.FeriadoClient,buscarFeriados/1[int],data,1
C:\desenvolvimento\tcc-legado\monolito-biblioteca\src\main\java\tcc\legado\util\FeriadoClient.java,tcc.legado.util.FeriadoClient,buscarFeriados/1[int],e,2
C:\desenvolvimento\tcc-legado\monolito-biblioteca\src\main\java\tcc\legado\util\FeriadoClient.java,tcc.legado.util.FeriadoClient,buscarFeriados/1[int],i,3
C:\desenvolvimento\tcc-legado\monolito-biblioteca\src\main\java\tcc\legado\util\FeriadoClient.java,tcc.legado.util.FeriadoClient,buscarFeriados/1[int],url,1
C:\desenvolvimento\tcc-legado\monolito-biblioteca\src\main\java\tcc\legado\util\FeriadoClient.java,tcc.legado.util.FeriadoClient,buscarFeriados/1[int],formatter,1
C:\desenvolvimento\tcc-legado\monolito-biblioteca\src\main\java\tcc\legado\util\FeriadoClient.java,tcc.legado.util.FeriadoClient,buscarFeriados/1[int],resposta,1
C:\desenvolvimento\tcc-legado\monolito-biblioteca\src\main\java\tcc\legado\util\FeriadoClient.java,tcc.legado.util.FeriadoClient,buscarFeriados/1[int],obj,1
C:\desenvolvimento\tcc-legado\monolito-biblioteca\src\main\java\tcc\legado\util\FeriadoClient.java,tcc.legado.util.FeriadoClient,buscarFeriados/1[int],feriados,3
C:\desenvolvimento\tcc-legado\monolito-biblioteca\src\main\java\tcc\legado\util\FeriadoClient.java,tcc.legado.util.FeriadoClient,buscarFeriados/1[int],client,2
C:\desenvolvimento\tcc-legado\monolito-biblioteca\src\main\java\tcc\legado\util\FeriadoClient.java,tcc.legado.util.FeriadoClient,buscarFeriados/1[int],httpResponse,3
C:\desenvolvimento\tcc-legado\monolito-biblioteca\src\main\java\tcc\legado\util\FeriadoClient.java,tcc.legado.util.FeriadoClient,buscarFeriados/1[int],jsonArray,2
C:\desenvolvimento\tcc-legado\monolito-biblioteca\src\main\java\tcc\legado\model\Perfil.java,tcc.legado.model.Perfil,setNome/1[java.lang.String],nome,2
C:\desenvolvimento\tcc-legado\monolito-biblioteca\src\main\java\tcc\legado\model\Perfil.java,tcc.legado.model.Perfil,setPermissoes/1[java.util.Set<java.lang.String>],permissoes,2
C:\desenvolvimento\tcc-legado\monolito-biblioteca\src\main\java\tcc\legado\util\PerfisWrapper.java,tcc.legado.util.PerfisWrapper,setPerfis/1[java.util.List<tcc.legado.model.Perfil>],perfis,2
C:\desenvolvimento\tcc-legado\monolito-biblioteca\src\main\java\tcc\legado\util\PerfisWrapper.java,tcc.legado.util.PerfisWrapper,carregarPerfis/0,p,2
C:\desenvolvimento\tcc-legado\monolito-biblioteca\src\main\java\tcc\legado\util\PerfisWrapper.java,tcc.legado.util.PerfisWrapper,carregarPerfis/0,e,1
C:\desenvolvimento\tcc-legado\monolito-biblioteca\src\main\java\tcc\legado\util\PerfisWrapper.java,tcc.legado.util.PerfisWrapper,carregarPerfis/0,mapa,3
C:\desenvolvimento\tcc-legado\monolito-biblioteca\src\main\java\tcc\legado\util\PerfisWrapper.java,tcc.legado.util.PerfisWrapper,carregarPerfis/0,context,1
C:\desenvolvimento\tcc-legado\monolito-biblioteca\src\main\java\tcc\legado\util\PerfisWrapper.java,tcc.legado.util.PerfisWrapper,carregarPerfis/0,unmarshaller,1
C:\desenvolvimento\tcc-legado\monolito-biblioteca\src\main\java\tcc\legado\util\PerfisWrapper.java,tcc.legado.util.PerfisWrapper,carregarPerfis/0,is,1
C:\desenvolvimento\tcc-legado\monolito-biblioteca\src\main\java\tcc\legado\util\PerfisWrapper.java,tcc.legado.util.PerfisWrapper,carregarPerfis/0,wrapper,1
C:\desenvolvimento\tcc-legado\monolito-biblioteca\src\main\java\tcc\legado\ejb\emprestimo\EmprestimoEJB.java,tcc.legado.ejb.emprestimo.EmprestimoEJB,registrarDevolucao/1[java.lang.Long],idEmprestimo,3
C:\desenvolvimento\tcc-legado\monolito-biblioteca\src\main\java\tcc\legado\ejb\emprestimo\EmprestimoEJB.java,tcc.legado.ejb.emprestimo.EmprestimoEJB,buscarPorId/1[java.lang.Long],id,1
C:\desenvolvimento\tcc-legado\monolito-biblioteca\src\main\java\tcc\legado\ejb\emprestimo\EmprestimoEJB.java,tcc.legado.ejb.emprestimo.EmprestimoEJB,"criarEmprestimo/2[java.lang.Long,java.lang.String]",idLivro,3
C:\desenvolvimento\tcc-legado\monolito-biblioteca\src\main\java\tcc\legado\ejb\emprestimo\EmprestimoEJB.java,tcc.legado.ejb.emprestimo.EmprestimoEJB,"criarEmprestimo/2[java.lang.Long,java.lang.String]",matricula,3
C:\desenvolvimento\tcc-legado\monolito-biblioteca\src\main\java\tcc\legado\model\Livro.java,tcc.legado.model.Livro,setAno/1[java.lang.Integer],ano,2
C:\desenvolvimento\tcc-legado\monolito-biblioteca\src\main\java\tcc\legado\model\Livro.java,tcc.legado.model.Livro,setId/1[java.lang.Long],id,2
C:\desenvolvimento\tcc-legado\monolito-biblioteca\src\main\java\tcc\legado\model\Livro.java,tcc.legado.model.Livro,setTitulo/1[java.lang.String],titulo,2
C:\desenvolvimento\tcc-legado\monolito-biblioteca\src\main\java\tcc\legado\model\Livro.java,tcc.legado.model.Livro,setEditora/1[java.lang.String],editora,2
C:\desenvolvimento\tcc-legado\monolito-biblioteca\src\main\java\tcc\legado\model\Livro.java,tcc.legado.model.Livro,setIsbn/1[java.lang.String],isbn,2
C:\desenvolvimento\tcc-legado\monolito-biblioteca\src\main\java\tcc\legado\model\Livro.java,tcc.legado.model.Livro,setAutor/1[java.lang.String],autor,2
C:\desenvolvimento\tcc-legado\monolito-biblioteca\src\main\java\tcc\legado\model\Livro.java,tcc.legado.model.Livro,setQuantidade/1[java.lang.Integer],quantidade,2
C:\desenvolvimento\tcc-legado\monolito-biblioteca\src\main\java\tcc\legado\service\LivroService.java,tcc.legado.service.LivroService,salvar/1[tcc.legado.model.Livro],livro,7
C:\desenvolvimento\tcc-legado\monolito-biblioteca\src\main\java\tcc\legado\service\LivroService.java,tcc.legado.service.LivroService,listarTodos/0,l1,1
C:\desenvolvimento\tcc-legado\monolito-biblioteca\src\main\java\tcc\legado\service\LivroService.java,tcc.legado.service.LivroService,listarTodos/0,l2,1
C:\desenvolvimento\tcc-legado\monolito-biblioteca\src\main\java\tcc\legado\service\LivroService.java,tcc.legado.service.LivroService,listarTodos/0,livros,2
C:\desenvolvimento\tcc-legado\monolito-biblioteca\src\main\java\tcc\legado\service\LivroService.java,tcc.legado.service.LivroService,getEmprestimoService/0,e,2
C:\desenvolvimento\tcc-legado\monolito-biblioteca\src\main\java\tcc\legado\service\LivroService.java,tcc.legado.service.LivroService,getEmprestimoService/0,ctx,1
C:\desenvolvimento\tcc-legado\monolito-biblioteca\src\main\java\tcc\legado\service\LivroService.java,tcc.legado.service.LivroService,buscarPorId/1[java.lang.Long],id,1
C:\desenvolvimento\tcc-legado\monolito-biblioteca\src\main\java\tcc\legado\service\LivroService.java,tcc.legado.service.LivroService,atualizar/1[tcc.legado.model.Livro],livro,6
C:\desenvolvimento\tcc-legado\monolito-biblioteca\src\main\java\tcc\legado\service\LivroService.java,tcc.legado.service.LivroService,atualizar/1[tcc.legado.model.Livro],existente,3
C:\desenvolvimento\tcc-legado\monolito-biblioteca\src\main\java\tcc\legado\service\LivroService.java,tcc.legado.service.LivroService,excluir/1[java.lang.Long],empService,1
C:\desenvolvimento\tcc-legado\monolito-biblioteca\src\main\java\tcc\legado\service\LivroService.java,tcc.legado.service.LivroService,excluir/1[java.lang.Long],totalExcluidos,3
C:\desenvolvimento\tcc-legado\monolito-biblioteca\src\main\java\tcc\legado\service\LivroService.java,tcc.legado.service.LivroService,excluir/1[java.lang.Long],livro,3
C:\desenvolvimento\tcc-legado\monolito-biblioteca\src\main\java\tcc\legado\service\LivroService.java,tcc.legado.service.LivroService,excluir/1[java.lang.Long],e,2
C:\desenvolvimento\tcc-legado\monolito-biblioteca\src\main\java\tcc\legado\service\LivroService.java,tcc.legado.service.LivroService,excluir/1[java.lang.Long],emprestimos,1
C:\desenvolvimento\tcc-legado\monolito-biblioteca\src\main\java\tcc\legado\service\LivroService.java,tcc.legado.service.LivroService,excluir/1[java.lang.Long],id,4
C:\desenvolvimento\tcc-legado\monolito-biblioteca\src\main\java\tcc\legado\util\HashUtil.java,tcc.legado.util.HashUtil,sha256/1[java.lang.String],texto,1
C:\desenvolvimento\tcc-legado\monolito-biblioteca\src\main\java\tcc\legado\util\HashUtil.java,tcc.legado.util.HashUtil,sha256/1[java.lang.String],b,1
C:\desenvolvimento\tcc-legado\monolito-biblioteca\src\main\java\tcc\legado\util\HashUtil.java,tcc.legado.util.HashUtil,sha256/1[java.lang.String],hexString,3
C:\desenvolvimento\tcc-legado\monolito-biblioteca\src\main\java\tcc\legado\util\HashUtil.java,tcc.legado.util.HashUtil,sha256/1[java.lang.String],e,1
C:\desenvolvimento\tcc-legado\monolito-biblioteca\src\main\java\tcc\legado\util\HashUtil.java,tcc.legado.util.HashUtil,sha256/1[java.lang.String],md,1
C:\desenvolvimento\tcc-legado\monolito-biblioteca\src\main\java\tcc\legado\util\HashUtil.java,tcc.legado.util.HashUtil,sha256/1[java.lang.String],hex,2
C:\desenvolvimento\tcc-legado\monolito-biblioteca\src\main\java\tcc\legado\util\HashUtil.java,tcc.legado.util.HashUtil,sha256/1[java.lang.String],hash,1
C:\desenvolvimento\tcc-legado\monolito-biblioteca\src\main\java\tcc\legado\util\HashUtil.java,tcc.legado.util.HashUtil,main/1[java.lang.String[]],args,0
C:\desenvolvimento\tcc-legado\monolito-biblioteca\src\main\java\tcc\legado\service\UsuarioService.java,tcc.legado.service.UsuarioService,atualizar/1[tcc.legado.model.Usuario],usuario,3
C:\desenvolvimento\tcc-legado\monolito-biblioteca\src\main\java\tcc\legado\service\UsuarioService.java,tcc.legado.service.UsuarioService,atualizar/1[tcc.legado.model.Usuario],existente,2
C:\desenvolvimento\tcc-legado\monolito-biblioteca\src\main\java\tcc\legado\service\UsuarioService.java,tcc.legado.service.UsuarioService,buscarPorMatricula/1[java.lang.String],matricula,1
C:\desenvolvimento\tcc-legado\monolito-biblioteca\src\main\java\tcc\legado\service\UsuarioService.java,tcc.legado.service.UsuarioService,listarTodos/0,usuarios,2
C:\desenvolvimento\tcc-legado\monolito-biblioteca\src\main\java\tcc\legado\service\UsuarioService.java,tcc.legado.service.UsuarioService,listarTodos/0,u1,1
C:\desenvolvimento\tcc-legado\monolito-biblioteca\src\main\java\tcc\legado\service\UsuarioService.java,tcc.legado.service.UsuarioService,listarTodos/0,u2,1
C:\desenvolvimento\tcc-legado\monolito-biblioteca\src\main\java\tcc\legado\service\UsuarioService.java,tcc.legado.service.UsuarioService,salvar/1[tcc.legado.model.Usuario],usuario,4
C:\desenvolvimento\tcc-legado\monolito-biblioteca\src\main\java\tcc\legado\service\UsuarioService.java,tcc.legado.service.UsuarioService,buscarPorId/1[java.lang.Long],id,1
C:\desenvolvimento\tcc-legado\monolito-biblioteca\src\main\java\tcc\legado\service\UsuarioService.java,tcc.legado.service.UsuarioService,excluir/1[java.lang.Long],usuario,1
C:\desenvolvimento\tcc-legado\monolito-biblioteca\src\main\java\tcc\legado\service\UsuarioService.java,tcc.legado.service.UsuarioService,excluir/1[java.lang.Long],id,2
C:\desenvolvimento\tcc-legado\monolito-biblioteca\src\main\java\tcc\legado\ejb\destaque\LivroDestaqueEJB.java,tcc.legado.ejb.destaque.LivroDestaqueEJB,buscarPorId/1[java.lang.Long],id,1
C:\desenvolvimento\tcc-legado\monolito-biblioteca\src\main\java\tcc\legado\ejb\destaque\LivroDestaqueEJB.java,tcc.legado.ejb.destaque.LivroDestaqueEJB,salvar/1[tcc.legado.model.LivroDestaque],livroDestaque,1
C:\desenvolvimento\tcc-legado\monolito-biblioteca\src\main\java\tcc\legado\ejb\destaque\LivroDestaqueEJB.java,tcc.legado.ejb.destaque.LivroDestaqueEJB,excluir/1[java.lang.Long],id,1
C:\desenvolvimento\tcc-legado\monolito-biblioteca\src\main\java\tcc\legado\ejb\destaque\LivroDestaqueEJB.java,tcc.legado.ejb.destaque.LivroDestaqueEJB,visualizar/1[java.lang.Long],id,1
C:\desenvolvimento\tcc-legado\monolito-biblioteca\src\main\java\tcc\legado\ejb\destaque\LivroDestaqueEJB.java,tcc.legado.ejb.destaque.LivroDestaqueEJB,atualizar/1[tcc.legado.model.LivroDestaque],livroDestaque,1
C:\desenvolvimento\tcc-legado\monolito-biblioteca\src\main\java\tcc\legado\ejb\livro\ILivroEJB.java,tcc.legado.ejb.livro.ILivroEJB,salvar/1[tcc.legado.model.Livro],livro,0
C:\desenvolvimento\tcc-legado\monolito-biblioteca\src\main\java\tcc\legado\ejb\livro\ILivroEJB.java,tcc.legado.ejb.livro.ILivroEJB,buscarPorId/1[java.lang.Long],id,0
C:\desenvolvimento\tcc-legado\monolito-biblioteca\src\main\java\tcc\legado\ejb\livro\ILivroEJB.java,tcc.legado.ejb.livro.ILivroEJB,atualizar/1[tcc.legado.model.Livro],livro,0
C:\desenvolvimento\tcc-legado\monolito-biblioteca\src\main\java\tcc\legado\ejb\livro\ILivroEJB.java,tcc.legado.ejb.livro.ILivroEJB,excluir/1[java.lang.Long],id,0
C:\desenvolvimento\tcc-legado\monolito-biblioteca\src\main\java\tcc\legado\model\LivroDestaque.java,tcc.legado.model.LivroDestaque,setIdLivro/1[java.lang.Long],idLivro,2
C:\desenvolvimento\tcc-legado\monolito-biblioteca\src\main\java\tcc\legado\model\LivroDestaque.java,tcc.legado.model.LivroDestaque,setVisualizacoes/1[java.lang.Integer],visualizacoes,2
C:\desenvolvimento\tcc-legado\monolito-biblioteca\src\main\java\tcc\legado\model\LivroDestaque.java,tcc.legado.model.LivroDestaque,setAtivo/1[java.lang.Boolean],ativo,2
C:\desenvolvimento\tcc-legado\monolito-biblioteca\src\main\java\tcc\legado\model\LivroDestaque.java,tcc.legado.model.LivroDestaque,setDescricao/1[java.lang.String],descricao,2
C:\desenvolvimento\tcc-legado\monolito-biblioteca\src\main\java\tcc\legado\model\LivroDestaque.java,tcc.legado.model.LivroDestaque,setCategoria/1[java.lang.String],categoria,2
C:\desenvolvimento\tcc-legado\monolito-biblioteca\src\main\java\tcc\legado\model\LivroDestaque.java,tcc.legado.model.LivroDestaque,setTitulo/1[java.lang.String],titulo,2
C:\desenvolvimento\tcc-legado\monolito-biblioteca\src\main\java\tcc\legado\model\LivroDestaque.java,tcc.legado.model.LivroDestaque,setDesconto/1[java.lang.Double],desconto,2
C:\desenvolvimento\tcc-legado\monolito-biblioteca\src\main\java\tcc\legado\model\LivroDestaque.java,tcc.legado.model.LivroDestaque,setDataInicio/1[java.util.Date],dataInicio,2
C:\desenvolvimento\tcc-legado\monolito-biblioteca\src\main\java\tcc\legado\model\LivroDestaque.java,tcc.legado.model.LivroDestaque,setDataFim/1[java.util.Date],dataFim,2
C:\desenvolvimento\tcc-legado\monolito-biblioteca\src\main\java\tcc\legado\model\LivroDestaque.java,tcc.legado.model.LivroDestaque,setId/1[java.lang.Long],id,2
C:\desenvolvimento\tcc-legado\monolito-biblioteca\src\main\java\tcc\legado\model\LivroDestaque.java,tcc.legado.model.LivroDestaque,"LivroDestaque/4[java.lang.Long,java.lang.String,java.lang.String,java.lang.Double]",desconto,2
C:\desenvolvimento\tcc-legado\monolito-biblioteca\src\main\java\tcc\legado\model\LivroDestaque.java,tcc.legado.model.LivroDestaque,"LivroDestaque/4[java.lang.Long,java.lang.String,java.lang.String,java.lang.Double]",idLivro,2
C:\desenvolvimento\tcc-legado\monolito-biblioteca\src\main\java\tcc\legado\model\LivroDestaque.java,tcc.legado.model.LivroDestaque,"LivroDestaque/4[java.lang.Long,java.lang.String,java.lang.String,java.lang.Double]",titulo,2
C:\desenvolvimento\tcc-legado\monolito-biblioteca\src\main\java\tcc\legado\model\LivroDestaque.java,tcc.legado.model.LivroDestaque,"LivroDestaque/4[java.lang.Long,java.lang.String,java.lang.String,java.lang.Double]",descricao,2
C:\desenvolvimento\tcc-legado\monolito-biblioteca\src\main\java\tcc\legado\action\LivroAction.java,tcc.legado.action.LivroAction,getLivroEJB/0,ctx,1
C:\desenvolvimento\tcc-legado\monolito-biblioteca\src\main\java\tcc\legado\action\LivroAction.java,tcc.legado.action.LivroAction,getLivroEJB/0,jndiName,1
C:\desenvolvimento\tcc-legado\monolito-biblioteca\src\main\java\tcc\legado\action\LivroAction.java,tcc.legado.action.LivroAction,"listar/4[tcc.legado.action.ActionMapping,tcc.legado.action.ActionForm,tcc.legado.action.HttpServletRequest,tcc.legado.action.HttpServletResponse]",request,1
C:\desenvolvimento\tcc-legado\monolito-biblioteca\src\main\java\tcc\legado\action\LivroAction.java,tcc.legado.action.LivroAction,"listar/4[tcc.legado.action.ActionMapping,tcc.legado.action.ActionForm,tcc.legado.action.HttpServletRequest,tcc.legado.action.HttpServletResponse]",mapping,1
C:\desenvolvimento\tcc-legado\monolito-biblioteca\src\main\java\tcc\legado\action\LivroAction.java,tcc.legado.action.LivroAction,"listar/4[tcc.legado.action.ActionMapping,tcc.legado.action.ActionForm,tcc.legado.action.HttpServletRequest,tcc.legado.action.HttpServletResponse]",form,0
C:\desenvolvimento\tcc-legado\monolito-biblioteca\src\main\java\tcc\legado\action\LivroAction.java,tcc.legado.action.LivroAction,"listar/4[tcc.legado.action.ActionMapping,tcc.legado.action.ActionForm,tcc.legado.action.HttpServletRequest,tcc.legado.action.HttpServletResponse]",livroEJB,1
C:\desenvolvimento\tcc-legado\monolito-biblioteca\src\main\java\tcc\legado\action\LivroAction.java,tcc.legado.action.LivroAction,"listar/4[tcc.legado.action.ActionMapping,tcc.legado.action.ActionForm,tcc.legado.action.HttpServletRequest,tcc.legado.action.HttpServletResponse]",response,0
C:\desenvolvimento\tcc-legado\monolito-biblioteca\src\main\java\tcc\legado\action\LivroAction.java,tcc.legado.action.LivroAction,"listar/4[tcc.legado.action.ActionMapping,tcc.legado.action.ActionForm,tcc.legado.action.HttpServletRequest,tcc.legado.action.HttpServletResponse]",livros,1
C:\desenvolvimento\tcc-legado\monolito-biblioteca\src\main\java\tcc\legado\action\LivroAction.java,tcc.legado.action.LivroAction,"salvar/4[tcc.legado.action.ActionMapping,tcc.legado.action.ActionForm,tcc.legado.action.HttpServletRequest,tcc.legado.action.HttpServletResponse]",idStr,3
C:\desenvolvimento\tcc-legado\monolito-biblioteca\src\main\java\tcc\legado\action\LivroAction.java,tcc.legado.action.LivroAction,"salvar/4[tcc.legado.action.ActionMapping,tcc.legado.action.ActionForm,tcc.legado.action.HttpServletRequest,tcc.legado.action.HttpServletResponse]",request,13
C:\desenvolvimento\tcc-legado\monolito-biblioteca\src\main\java\tcc\legado\action\LivroAction.java,tcc.legado.action.LivroAction,"salvar/4[tcc.legado.action.ActionMapping,tcc.legado.action.ActionForm,tcc.legado.action.HttpServletRequest,tcc.legado.action.HttpServletResponse]",mapping,3
C:\desenvolvimento\tcc-legado\monolito-biblioteca\src\main\java\tcc\legado\action\LivroAction.java,tcc.legado.action.LivroAction,"salvar/4[tcc.legado.action.ActionMapping,tcc.legado.action.ActionForm,tcc.legado.action.HttpServletRequest,tcc.legado.action.HttpServletResponse]",livroEJB,2
C:\desenvolvimento\tcc-legado\monolito-biblioteca\src\main\java\tcc\legado\action\LivroAction.java,tcc.legado.action.LivroAction,"salvar/4[tcc.legado.action.ActionMapping,tcc.legado.action.ActionForm,tcc.legado.action.HttpServletRequest,tcc.legado.action.HttpServletResponse]",isbn,1
C:\desenvolvimento\tcc-legado\monolito-biblioteca\src\main\java\tcc\legado\action\LivroAction.java,tcc.legado.action.LivroAction,"salvar/4[tcc.legado.action.ActionMapping,tcc.legado.action.ActionForm,tcc.legado.action.HttpServletRequest,tcc.legado.action.HttpServletResponse]",anoStr,3
C:\desenvolvimento\tcc-legado\monolito-biblioteca\src\main\java\tcc\legado\action\LivroAction.java,tcc.legado.action.LivroAction,"salvar/4[tcc.legado.action.ActionMapping,tcc.legado.action.ActionForm,tcc.legado.action.HttpServletRequest,tcc.legado.action.HttpServletResponse]",titulo,3
C:\desenvolvimento\tcc-legado\monolito-biblioteca\src\main\java\tcc\legado\action\LivroAction.java,tcc.legado.action.LivroAction,"salvar/4[tcc.legado.action.ActionMapping,tcc.legado.action.ActionForm,tcc.legado.action.HttpServletRequest,tcc.legado.action.HttpServletResponse]",editora,1
C:\desenvolvimento\tcc-legado\monolito-biblioteca\src\main\java\tcc\legado\action\LivroAction.java,tcc.legado.action.LivroAction,"salvar/4[tcc.legado.action.ActionMapping,tcc.legado.action.ActionForm,tcc.legado.action.HttpServletRequest,tcc.legado.action.HttpServletResponse]",quantidadeStr,3
C:\desenvolvimento\tcc-legado\monolito-biblioteca\src\main\java\tcc\legado\action\LivroAction.java,tcc.legado.action.LivroAction,"salvar/4[tcc.legado.action.ActionMapping,tcc.legado.action.ActionForm,tcc.legado.action.HttpServletRequest,tcc.legado.action.HttpServletResponse]",autor,1
C:\desenvolvimento\tcc-legado\monolito-biblioteca\src\main\java\tcc\legado\action\LivroAction.java,tcc.legado.action.LivroAction,"salvar/4[tcc.legado.action.ActionMapping,tcc.legado.action.ActionForm,tcc.legado.action.HttpServletRequest,tcc.legado.action.HttpServletResponse]",form,1
C:\desenvolvimento\tcc-legado\monolito-biblioteca\src\main\java\tcc\legado\action\LivroAction.java,tcc.legado.action.LivroAction,"salvar/4[tcc.legado.action.ActionMapping,tcc.legado.action.ActionForm,tcc.legado.action.HttpServletRequest,tcc.legado.action.HttpServletResponse]",livro,10
C:\desenvolvimento\tcc-legado\monolito-biblioteca\src\main\java\tcc\legado\action\LivroAction.java,tcc.legado.action.LivroAction,"salvar/4[tcc.legado.action.ActionMapping,tcc.legado.action.ActionForm,tcc.legado.action.HttpServletRequest,tcc.legado.action.HttpServletResponse]",response,1
C:\desenvolvimento\tcc-legado\monolito-biblioteca\src\main\java\tcc\legado\action\LivroAction.java,tcc.legado.action.LivroAction,"detalhar/4[tcc.legado.action.ActionMapping,tcc.legado.action.ActionForm,tcc.legado.action.HttpServletRequest,tcc.legado.action.HttpServletResponse]",idStr,3
C:\desenvolvimento\tcc-legado\monolito-biblioteca\src\main\java\tcc\legado\action\LivroAction.java,tcc.legado.action.LivroAction,"detalhar/4[tcc.legado.action.ActionMapping,tcc.legado.action.ActionForm,tcc.legado.action.HttpServletRequest,tcc.legado.action.HttpServletResponse]",request,4
C:\desenvolvimento\tcc-legado\monolito-biblioteca\src\main\java\tcc\legado\action\LivroAction.java,tcc.legado.action.LivroAction,"detalhar/4[tcc.legado.action.ActionMapping,tcc.legado.action.ActionForm,tcc.legado.action.HttpServletRequest,tcc.legado.action.HttpServletResponse]",mapping,3
C:\desenvolvimento\tcc-legado\monolito-biblioteca\src\main\java\tcc\legado\action\LivroAction.java,tcc.legado.action.LivroAction,"detalhar/4[tcc.legado.action.ActionMapping,tcc.legado.action.ActionForm,tcc.legado.action.HttpServletRequest,tcc.legado.action.HttpServletResponse]",form,0
C:\desenvolvimento\tcc-legado\monolito-biblioteca\src\main\java\tcc\legado\action\LivroAction.java,tcc.legado.action.LivroAction,"detalhar/4[tcc.legado.action.ActionMapping,tcc.legado.action.ActionForm,tcc.legado.action.HttpServletRequest,tcc.legado.action.HttpServletResponse]",livroEJB,1
C:\desenvolvimento\tcc-legado\monolito-biblioteca\src\main\java\tcc\legado\action\LivroAction.java,tcc.legado.action.LivroAction,"detalhar/4[tcc.legado.action.ActionMapping,tcc.legado.action.ActionForm,tcc.legado.action.HttpServletRequest,tcc.legado.action.HttpServletResponse]",livro,2
C:\desenvolvimento\tcc-legado\monolito-biblioteca\src\main\java\tcc\legado\action\LivroAction.java,tcc.legado.action.LivroAction,"detalhar/4[tcc.legado.action.ActionMapping,tcc.legado.action.ActionForm,tcc.legado.action.HttpServletRequest,tcc.legado.action.HttpServletResponse]",response,0
C:\desenvolvimento\tcc-legado\monolito-biblioteca\src\main\java\tcc\legado\action\LivroAction.java,tcc.legado.action.LivroAction,"detalhar/4[tcc.legado.action.ActionMapping,tcc.legado.action.ActionForm,tcc.legado.action.HttpServletRequest,tcc.legado.action.HttpServletResponse]",id,1
C:\desenvolvimento\tcc-legado\monolito-biblioteca\src\main\java\tcc\legado\action\LivroAction.java,tcc.legado.action.LivroAction,checarAutenticacao/1[tcc.legado.action.HttpServletRequest],request,1
C:\desenvolvimento\tcc-legado\monolito-biblioteca\src\main\java\tcc\legado\action\LivroAction.java,tcc.legado.action.LivroAction,checarAutenticacao/1[tcc.legado.action.HttpServletRequest],session,1
C:\desenvolvimento\tcc-legado\monolito-biblioteca\src\main\java\tcc\legado\action\LivroAction.java,tcc.legado.action.LivroAction,checarAutenticacao/1[tcc.legado.action.HttpServletRequest],perfil,1
C:\desenvolvimento\tcc-legado\monolito-biblioteca\src\main\java\tcc\legado\action\LivroAction.java,tcc.legado.action.LivroAction,"novo/4[tcc.legado.action.ActionMapping,tcc.legado.action.ActionForm,tcc.legado.action.HttpServletRequest,tcc.legado.action.HttpServletResponse]",request,0
C:\desenvolvimento\tcc-legado\monolito-biblioteca\src\main\java\tcc\legado\action\LivroAction.java,tcc.legado.action.LivroAction,"novo/4[tcc.legado.action.ActionMapping,tcc.legado.action.ActionForm,tcc.legado.action.HttpServletRequest,tcc.legado.action.HttpServletResponse]",mapping,1
C:\desenvolvimento\tcc-legado\monolito-biblioteca\src\main\java\tcc\legado\action\LivroAction.java,tcc.legado.action.LivroAction,"novo/4[tcc.legado.action.ActionMapping,tcc.legado.action.ActionForm,tcc.legado.action.HttpServletRequest,tcc.legado.action.HttpServletResponse]",form,0
C:\desenvolvimento\tcc-legado\monolito-biblioteca\src\main\java\tcc\legado\action\LivroAction.java,tcc.legado.action.LivroAction,"novo/4[tcc.legado.action.ActionMapping,tcc.legado.action.ActionForm,tcc.legado.action.HttpServletRequest,tcc.legado.action.HttpServletResponse]",response,0
C:\desenvolvimento\tcc-legado\monolito-biblioteca\src\main\java\tcc\legado\action\LivroAction.java,tcc.legado.action.LivroAction,"voltar/4[tcc.legado.action.ActionMapping,tcc.legado.action.ActionForm,tcc.legado.action.HttpServletRequest,tcc.legado.action.HttpServletResponse]",request,0
C:\desenvolvimento\tcc-legado\monolito-biblioteca\src\main\java\tcc\legado\action\LivroAction.java,tcc.legado.action.LivroAction,"voltar/4[tcc.legado.action.ActionMapping,tcc.legado.action.ActionForm,tcc.legado.action.HttpServletRequest,tcc.legado.action.HttpServletResponse]",mapping,1
C:\desenvolvimento\tcc-legado\monolito-biblioteca\src\main\java\tcc\legado\action\LivroAction.java,tcc.legado.action.LivroAction,"voltar/4[tcc.legado.action.ActionMapping,tcc.legado.action.ActionForm,tcc.legado.action.HttpServletRequest,tcc.legado.action.HttpServletResponse]",form,0
C:\desenvolvimento\tcc-legado\monolito-biblioteca\src\main\java\tcc\legado\action\LivroAction.java,tcc.legado.action.LivroAction,"voltar/4[tcc.legado.action.ActionMapping,tcc.legado.action.ActionForm,tcc.legado.action.HttpServletRequest,tcc.legado.action.HttpServletResponse]",response,0
C:\desenvolvimento\tcc-legado\monolito-biblioteca\src\main\java\tcc\legado\action\LivroAction.java,tcc.legado.action.LivroAction,"editar/4[tcc.legado.action.ActionMapping,tcc.legado.action.ActionForm,tcc.legado.action.HttpServletRequest,tcc.legado.action.HttpServletResponse]",idStr,2
C:\desenvolvimento\tcc-legado\monolito-biblioteca\src\main\java\tcc\legado\action\LivroAction.java,tcc.legado.action.LivroAction,"editar/4[tcc.legado.action.ActionMapping,tcc.legado.action.ActionForm,tcc.legado.action.HttpServletRequest,tcc.legado.action.HttpServletResponse]",request,5
C:\desenvolvimento\tcc-legado\monolito-biblioteca\src\main\java\tcc\legado\action\LivroAction.java,tcc.legado.action.LivroAction,"editar/4[tcc.legado.action.ActionMapping,tcc.legado.action.ActionForm,tcc.legado.action.HttpServletRequest,tcc.legado.action.HttpServletResponse]",mapping,3
C:\desenvolvimento\tcc-legado\monolito-biblioteca\src\main\java\tcc\legado\action\LivroAction.java,tcc.legado.action.LivroAction,"editar/4[tcc.legado.action.ActionMapping,tcc.legado.action.ActionForm,tcc.legado.action.HttpServletRequest,tcc.legado.action.HttpServletResponse]",form,0
C:\desenvolvimento\tcc-legado\monolito-biblioteca\src\main\java\tcc\legado\action\LivroAction.java,tcc.legado.action.LivroAction,"editar/4[tcc.legado.action.ActionMapping,tcc.legado.action.ActionForm,tcc.legado.action.HttpServletRequest,tcc.legado.action.HttpServletResponse]",livroEJB,1
C:\desenvolvimento\tcc-legado\monolito-biblioteca\src\main\java\tcc\legado\action\LivroAction.java,tcc.legado.action.LivroAction,"editar/4[tcc.legado.action.ActionMapping,tcc.legado.action.ActionForm,tcc.legado.action.HttpServletRequest,tcc.legado.action.HttpServletResponse]",livro,1
C:\desenvolvimento\tcc-legado\monolito-biblioteca\src\main\java\tcc\legado\action\LivroAction.java,tcc.legado.action.LivroAction,"editar/4[tcc.legado.action.ActionMapping,tcc.legado.action.ActionForm,tcc.legado.action.HttpServletRequest,tcc.legado.action.HttpServletResponse]",response,0
C:\desenvolvimento\tcc-legado\monolito-biblioteca\src\main\java\tcc\legado\action\LivroAction.java,tcc.legado.action.LivroAction,"editar/4[tcc.legado.action.ActionMapping,tcc.legado.action.ActionForm,tcc.legado.action.HttpServletRequest,tcc.legado.action.HttpServletResponse]",id,1
C:\desenvolvimento\tcc-legado\monolito-biblioteca\src\main\java\tcc\legado\action\LivroAction.java,tcc.legado.action.LivroAction,"excluir/4[tcc.legado.action.ActionMapping,tcc.legado.action.ActionForm,tcc.legado.action.HttpServletRequest,tcc.legado.action.HttpServletResponse]",idStr,2
C:\desenvolvimento\tcc-legado\monolito-biblioteca\src\main\java\tcc\legado\action\LivroAction.java,tcc.legado.action.LivroAction,"excluir/4[tcc.legado.action.ActionMapping,tcc.legado.action.ActionForm,tcc.legado.action.HttpServletRequest,tcc.legado.action.HttpServletResponse]",request,6
C:\desenvolvimento\tcc-legado\monolito-biblioteca\src\main\java\tcc\legado\action\LivroAction.java,tcc.legado.action.LivroAction,"excluir/4[tcc.legado.action.ActionMapping,tcc.legado.action.ActionForm,tcc.legado.action.HttpServletRequest,tcc.legado.action.HttpServletResponse]",mapping,3
C:\desenvolvimento\tcc-legado\monolito-biblioteca\src\main\java\tcc\legado\action\LivroAction.java,tcc.legado.action.LivroAction,"excluir/4[tcc.legado.action.ActionMapping,tcc.legado.action.ActionForm,tcc.legado.action.HttpServletRequest,tcc.legado.action.HttpServletResponse]",form,1
C:\desenvolvimento\tcc-legado\monolito-biblioteca\src\main\java\tcc\legado\action\LivroAction.java,tcc.legado.action.LivroAction,"excluir/4[tcc.legado.action.ActionMapping,tcc.legado.action.ActionForm,tcc.legado.action.HttpServletRequest,tcc.legado.action.HttpServletResponse]",livroEJB,1
C:\desenvolvimento\tcc-legado\monolito-biblioteca\src\main\java\tcc\legado\action\LivroAction.java,tcc.legado.action.LivroAction,"excluir/4[tcc.legado.action.ActionMapping,tcc.legado.action.ActionForm,tcc.legado.action.HttpServletRequest,tcc.legado.action.HttpServletResponse]",response,1
C:\desenvolvimento\tcc-legado\monolito-biblioteca\src\main\java\tcc\legado\action\LivroAction.java,tcc.legado.action.LivroAction,"excluir/4[tcc.legado.action.ActionMapping,tcc.legado.action.ActionForm,tcc.legado.action.HttpServletRequest,tcc.legado.action.HttpServletResponse]",id,1
C:\desenvolvimento\tcc-legado\monolito-biblioteca\src\main\java\tcc\legado\model\Usuario.java,tcc.legado.model.Usuario,setNome/1[java.lang.String],nome,2
C:\desenvolvimento\tcc-legado\monolito-biblioteca\src\main\java\tcc\legado\model\Usuario.java,tcc.legado.model.Usuario,setEmail/1[java.lang.String],email,2
C:\desenvolvimento\tcc-legado\monolito-biblioteca\src\main\java\tcc\legado\model\Usuario.java,tcc.legado.model.Usuario,setId/1[java.lang.Long],id,2
C:\desenvolvimento\tcc-legado\monolito-biblioteca\src\main\java\tcc\legado\model\Usuario.java,tcc.legado.model.Usuario,"Usuario/5[java.lang.Long,java.lang.String,java.lang.String,java.lang.String,java.lang.String]",tipo,2
C:\desenvolvimento\tcc-legado\monolito-biblioteca\src\main\java\tcc\legado\model\Usuario.java,tcc.legado.model.Usuario,"Usuario/5[java.lang.Long,java.lang.String,java.lang.String,java.lang.String,java.lang.String]",matricula,2
C:\desenvolvimento\tcc-legado\monolito-biblioteca\src\main\java\tcc\legado\model\Usuario.java,tcc.legado.model.Usuario,"Usuario/5[java.lang.Long,java.lang.String,java.lang.String,java.lang.String,java.lang.String]",nome,2
C:\desenvolvimento\tcc-legado\monolito-biblioteca\src\main\java\tcc\legado\model\Usuario.java,tcc.legado.model.Usuario,"Usuario/5[java.lang.Long,java.lang.String,java.lang.String,java.lang.String,java.lang.String]",id,2
C:\desenvolvimento\tcc-legado\monolito-biblioteca\src\main\java\tcc\legado\model\Usuario.java,tcc.legado.model.Usuario,"Usuario/5[java.lang.Long,java.lang.String,java.lang.String,java.lang.String,java.lang.String]",email,2
C:\desenvolvimento\tcc-legado\monolito-biblioteca\src\main\java\tcc\legado\model\Usuario.java,tcc.legado.model.Usuario,setMatricula/1[java.lang.String],matricula,2
C:\desenvolvimento\tcc-legado\monolito-biblioteca\src\main\java\tcc\legado\model\Usuario.java,tcc.legado.model.Usuario,setPerfil/1[java.lang.String],perfil,2
C:\desenvolvimento\tcc-legado\monolito-biblioteca\src\main\java\tcc\legado\model\Usuario.java,tcc.legado.model.Usuario,setTipo/1[java.lang.String],tipo,2
C:\desenvolvimento\tcc-legado\monolito-biblioteca\src\main\java\tcc\legado\ejb\destaque\ILivroDestaqueEJB.java,tcc.legado.ejb.destaque.ILivroDestaqueEJB,atualizar/1[tcc.legado.model.LivroDestaque],livroDestaque,0
C:\desenvolvimento\tcc-legado\monolito-biblioteca\src\main\java\tcc\legado\ejb\destaque\ILivroDestaqueEJB.java,tcc.legado.ejb.destaque.ILivroDestaqueEJB,excluir/1[java.lang.Long],id,0
C:\desenvolvimento\tcc-legado\monolito-biblioteca\src\main\java\tcc\legado\ejb\destaque\ILivroDestaqueEJB.java,tcc.legado.ejb.destaque.ILivroDestaqueEJB,visualizar/1[java.lang.Long],id,0
C:\desenvolvimento\tcc-legado\monolito-biblioteca\src\main\java\tcc\legado\ejb\destaque\ILivroDestaqueEJB.java,tcc.legado.ejb.destaque.ILivroDestaqueEJB,buscarPorId/1[java.lang.Long],id,0
C:\desenvolvimento\tcc-legado\monolito-biblioteca\src\main\java\tcc\legado\ejb\destaque\ILivroDestaqueEJB.java,tcc.legado.ejb.destaque.ILivroDestaqueEJB,salvar/1[tcc.legado.model.LivroDestaque],livroDestaque,0
C:\desenvolvimento\tcc-legado\monolito-biblioteca\src\main\java\tcc\legado\util\CacheGlobal.java,tcc.legado.util.CacheGlobal,get/1[java.lang.String],key,1
C:\desenvolvimento\tcc-legado\monolito-biblioteca\src\main\java\tcc\legado\util\CacheGlobal.java,tcc.legado.util.CacheGlobal,"put/2[java.lang.String,java.lang.Object]",value,1
C:\desenvolvimento\tcc-legado\monolito-biblioteca\src\main\java\tcc\legado\util\CacheGlobal.java,tcc.legado.util.CacheGlobal,"put/2[java.lang.String,java.lang.Object]",key,1
C:\desenvolvimento\tcc-legado\monolito-biblioteca\src\main\java\tcc\legado\util\CacheGlobal.java,tcc.legado.util.CacheGlobal,setFeriados/1[java.util.List<java.time.LocalDate>],feriados,1
C:\desenvolvimento\tcc-legado\monolito-biblioteca\src\main\java\tcc\legado\util\CacheGlobal.java,tcc.legado.util.CacheGlobal,setAnoCorrente/1[int],ano,1
C:\desenvolvimento\tcc-legado\monolito-biblioteca\src\main\java\tcc\legado\ejb\livro\LivroEJB.java,tcc.legado.ejb.livro.LivroEJB,buscarPorId/1[java.lang.Long],id,1
C:\desenvolvimento\tcc-legado\monolito-biblioteca\src\main\java\tcc\legado\ejb\livro\LivroEJB.java,tcc.legado.ejb.livro.LivroEJB,atualizar/1[tcc.legado.model.Livro],livro,2
C:\desenvolvimento\tcc-legado\monolito-biblioteca\src\main\java\tcc\legado\ejb\livro\LivroEJB.java,tcc.legado.ejb.livro.LivroEJB,excluir/1[java.lang.Long],id,2
C:\desenvolvimento\tcc-legado\monolito-biblioteca\src\main\java\tcc\legado\ejb\livro\LivroEJB.java,tcc.legado.ejb.livro.LivroEJB,salvar/1[tcc.legado.model.Livro],livro,3
C:\desenvolvimento\tcc-legado\monolito-biblioteca\src\main\java\tcc\legado\action\EmprestimoAction.java,tcc.legado.action.EmprestimoAction,"novo/4[tcc.legado.action.ActionMapping,tcc.legado.action.ActionForm,tcc.legado.action.HttpServletRequest,tcc.legado.action.HttpServletResponse]",request,3
C:\desenvolvimento\tcc-legado\monolito-biblioteca\src\main\java\tcc\legado\action\EmprestimoAction.java,tcc.legado.action.EmprestimoAction,"novo/4[tcc.legado.action.ActionMapping,tcc.legado.action.ActionForm,tcc.legado.action.HttpServletRequest,tcc.legado.action.HttpServletResponse]",mapping,2
C:\desenvolvimento\tcc-legado\monolito-biblioteca\src\main\java\tcc\legado\action\EmprestimoAction.java,tcc.legado.action.EmprestimoAction,"novo/4[tcc.legado.action.ActionMapping,tcc.legado.action.ActionForm,tcc.legado.action.HttpServletRequest,tcc.legado.action.HttpServletResponse]",form,0
C:\desenvolvimento\tcc-legado\monolito-biblioteca\src\main\java\tcc\legado\action\EmprestimoAction.java,tcc.legado.action.EmprestimoAction,"novo/4[tcc.legado.action.ActionMapping,tcc.legado.action.ActionForm,tcc.legado.action.HttpServletRequest,tcc.legado.action.HttpServletResponse]",e,1
C:\desenvolvimento\tcc-legado\monolito-biblioteca\src\main\java\tcc\legado\action\EmprestimoAction.java,tcc.legado.action.EmprestimoAction,"novo/4[tcc.legado.action.ActionMapping,tcc.legado.action.ActionForm,tcc.legado.action.HttpServletRequest,tcc.legado.action.HttpServletResponse]",response,0
C:\desenvolvimento\tcc-legado\monolito-biblioteca\src\main\java\tcc\legado\action\EmprestimoAction.java,tcc.legado.action.EmprestimoAction,"novo/4[tcc.legado.action.ActionMapping,tcc.legado.action.ActionForm,tcc.legado.action.HttpServletRequest,tcc.legado.action.HttpServletResponse]",usuarioDAO,1
C:\desenvolvimento\tcc-legado\monolito-biblioteca\src\main\java\tcc\legado\action\EmprestimoAction.java,tcc.legado.action.EmprestimoAction,"novo/4[tcc.legado.action.ActionMapping,tcc.legado.action.ActionForm,tcc.legado.action.HttpServletRequest,tcc.legado.action.HttpServletResponse]",livroDAO,1
C:\desenvolvimento\tcc-legado\monolito-biblioteca\src\main\java\tcc\legado\action\EmprestimoAction.java,tcc.legado.action.EmprestimoAction,"realizar/4[tcc.legado.action.ActionMapping,tcc.legado.action.ActionForm,tcc.legado.action.HttpServletRequest,tcc.legado.action.HttpServletResponse]",request,8
C:\desenvolvimento\tcc-legado\monolito-biblioteca\src\main\java\tcc\legado\action\EmprestimoAction.java,tcc.legado.action.EmprestimoAction,"realizar/4[tcc.legado.action.ActionMapping,tcc.legado.action.ActionForm,tcc.legado.action.HttpServletRequest,tcc.legado.action.HttpServletResponse]",mapping,5
C:\desenvolvimento\tcc-legado\monolito-biblioteca\src\main\java\tcc\legado\action\EmprestimoAction.java,tcc.legado.action.EmprestimoAction,"realizar/4[tcc.legado.action.ActionMapping,tcc.legado.action.ActionForm,tcc.legado.action.HttpServletRequest,tcc.legado.action.HttpServletResponse]",form,1
C:\desenvolvimento\tcc-legado\monolito-biblioteca\src\main\java\tcc\legado\action\EmprestimoAction.java,tcc.legado.action.EmprestimoAction,"realizar/4[tcc.legado.action.ActionMapping,tcc.legado.action.ActionForm,tcc.legado.action.HttpServletRequest,tcc.legado.action.HttpServletResponse]",e,2
C:\desenvolvimento\tcc-legado\monolito-biblioteca\src\main\java\tcc\legado\action\EmprestimoAction.java,tcc.legado.action.EmprestimoAction,"realizar/4[tcc.legado.action.ActionMapping,tcc.legado.action.ActionForm,tcc.legado.action.HttpServletRequest,tcc.legado.action.HttpServletResponse]",response,1
C:\desenvolvimento\tcc-legado\monolito-biblioteca\src\main\java\tcc\legado\action\EmprestimoAction.java,tcc.legado.action.EmprestimoAction,"realizar/4[tcc.legado.action.ActionMapping,tcc.legado.action.ActionForm,tcc.legado.action.HttpServletRequest,tcc.legado.action.HttpServletResponse]",matricula,3
C:\desenvolvimento\tcc-legado\monolito-biblioteca\src\main\java\tcc\legado\action\EmprestimoAction.java,tcc.legado.action.EmprestimoAction,"realizar/4[tcc.legado.action.ActionMapping,tcc.legado.action.ActionForm,tcc.legado.action.HttpServletRequest,tcc.legado.action.HttpServletResponse]",idLivro,1
C:\desenvolvimento\tcc-legado\monolito-biblioteca\src\main\java\tcc\legado\action\EmprestimoAction.java,tcc.legado.action.EmprestimoAction,"realizar/4[tcc.legado.action.ActionMapping,tcc.legado.action.ActionForm,tcc.legado.action.HttpServletRequest,tcc.legado.action.HttpServletResponse]",emp,1
C:\desenvolvimento\tcc-legado\monolito-biblioteca\src\main\java\tcc\legado\action\EmprestimoAction.java,tcc.legado.action.EmprestimoAction,"realizar/4[tcc.legado.action.ActionMapping,tcc.legado.action.ActionForm,tcc.legado.action.HttpServletRequest,tcc.legado.action.HttpServletResponse]",ejb,1
C:\desenvolvimento\tcc-legado\monolito-biblioteca\src\main\java\tcc\legado\action\EmprestimoAction.java,tcc.legado.action.EmprestimoAction,"realizar/4[tcc.legado.action.ActionMapping,tcc.legado.action.ActionForm,tcc.legado.action.HttpServletRequest,tcc.legado.action.HttpServletResponse]",idLivroStr,3
C:\desenvolvimento\tcc-legado\monolito-biblioteca\src\main\java\tcc\legado\action\EmprestimoAction.java,tcc.legado.action.EmprestimoAction,"devolver/4[tcc.legado.action.ActionMapping,tcc.legado.action.ActionForm,tcc.legado.action.HttpServletRequest,tcc.legado.action.HttpServletResponse]",idStr,3
C:\desenvolvimento\tcc-legado\monolito-biblioteca\src\main\java\tcc\legado\action\EmprestimoAction.java,tcc.legado.action.EmprestimoAction,"devolver/4[tcc.legado.action.ActionMapping,tcc.legado.action.ActionForm,tcc.legado.action.HttpServletRequest,tcc.legado.action.HttpServletResponse]",request,6
C:\desenvolvimento\tcc-legado\monolito-biblioteca\src\main\java\tcc\legado\action\EmprestimoAction.java,tcc.legado.action.EmprestimoAction,"devolver/4[tcc.legado.action.ActionMapping,tcc.legado.action.ActionForm,tcc.legado.action.HttpServletRequest,tcc.legado.action.HttpServletResponse]",mapping,4
C:\desenvolvimento\tcc-legado\monolito-biblioteca\src\main\java\tcc\legado\action\EmprestimoAction.java,tcc.legado.action.EmprestimoAction,"devolver/4[tcc.legado.action.ActionMapping,tcc.legado.action.ActionForm,tcc.legado.action.HttpServletRequest,tcc.legado.action.HttpServletResponse]",form,1
C:\desenvolvimento\tcc-legado\monolito-biblioteca\src\main\java\tcc\legado\action\EmprestimoAction.java,tcc.legado.action.EmprestimoAction,"devolver/4[tcc.legado.action.ActionMapping,tcc.legado.action.ActionForm,tcc.legado.action.HttpServletRequest,tcc.legado.action.HttpServletResponse]",e,2
C:\desenvolvimento\tcc-legado\monolito-biblioteca\src\main\java\tcc\legado\action\EmprestimoAction.java,tcc.legado.action.EmprestimoAction,"devolver/4[tcc.legado.action.ActionMapping,tcc.legado.action.ActionForm,tcc.legado.action.HttpServletRequest,tcc.legado.action.HttpServletResponse]",response,1
C:\desenvolvimento\tcc-legado\monolito-biblioteca\src\main\java\tcc\legado\action\EmprestimoAction.java,tcc.legado.action.EmprestimoAction,"devolver/4[tcc.legado.action.ActionMapping,tcc.legado.action.ActionForm,tcc.legado.action.HttpServletRequest,tcc.legado.action.HttpServletResponse]",id,1
C:\desenvolvimento\tcc-legado\monolito-biblioteca\src\main\java\tcc\legado\action\EmprestimoAction.java,tcc.legado.action.EmprestimoAction,"devolver/4[tcc.legado.action.ActionMapping,tcc.legado.action.ActionForm,tcc.legado.action.HttpServletRequest,tcc.legado.action.HttpServletResponse]",ejb,1
C:\desenvolvimento\tcc-legado\monolito-biblioteca\src\main\java\tcc\legado\action\EmprestimoAction.java,tcc.legado.action.EmprestimoAction,"voltar/4[tcc.legado.action.ActionMapping,tcc.legado.action.ActionForm,tcc.legado.action.HttpServletRequest,tcc.legado.action.HttpServletResponse]",request,0
C:\desenvolvimento\tcc-legado\monolito-biblioteca\src\main\java\tcc\legado\action\EmprestimoAction.java,tcc.legado.action.EmprestimoAction,"voltar/4[tcc.legado.action.ActionMapping,tcc.legado.action.ActionForm,tcc.legado.action.HttpServletRequest,tcc.legado.action.HttpServletResponse]",mapping,1
C:\desenvolvimento\tcc-legado\monolito-biblioteca\src\main\java\tcc\legado\action\EmprestimoAction.java,tcc.legado.action.EmprestimoAction,"voltar/4[tcc.legado.action.ActionMapping,tcc.legado.action.ActionForm,tcc.legado.action.HttpServletRequest,tcc.legado.action.HttpServletResponse]",form,0
C:\desenvolvimento\tcc-legado\monolito-biblioteca\src\main\java\tcc\legado\action\EmprestimoAction.java,tcc.legado.action.EmprestimoAction,"voltar/4[tcc.legado.action.ActionMapping,tcc.legado.action.ActionForm,tcc.legado.action.HttpServletRequest,tcc.legado.action.HttpServletResponse]",response,0
C:\desenvolvimento\tcc-legado\monolito-biblioteca\src\main\java\tcc\legado\action\EmprestimoAction.java,tcc.legado.action.EmprestimoAction,"detalhar/4[tcc.legado.action.ActionMapping,tcc.legado.action.ActionForm,tcc.legado.action.HttpServletRequest,tcc.legado.action.HttpServletResponse]",idStr,3
C:\desenvolvimento\tcc-legado\monolito-biblioteca\src\main\java\tcc\legado\action\EmprestimoAction.java,tcc.legado.action.EmprestimoAction,"detalhar/4[tcc.legado.action.ActionMapping,tcc.legado.action.ActionForm,tcc.legado.action.HttpServletRequest,tcc.legado.action.HttpServletResponse]",request,6
C:\desenvolvimento\tcc-legado\monolito-biblioteca\src\main\java\tcc\legado\action\EmprestimoAction.java,tcc.legado.action.EmprestimoAction,"detalhar/4[tcc.legado.action.ActionMapping,tcc.legado.action.ActionForm,tcc.legado.action.HttpServletRequest,tcc.legado.action.HttpServletResponse]",mapping,3
C:\desenvolvimento\tcc-legado\monolito-biblioteca\src\main\java\tcc\legado\action\EmprestimoAction.java,tcc.legado.action.EmprestimoAction,"detalhar/4[tcc.legado.action.ActionMapping,tcc.legado.action.ActionForm,tcc.legado.action.HttpServletRequest,tcc.legado.action.HttpServletResponse]",form,0
C:\desenvolvimento\tcc-legado\monolito-biblioteca\src\main\java\tcc\legado\action\EmprestimoAction.java,tcc.legado.action.EmprestimoAction,"detalhar/4[tcc.legado.action.ActionMapping,tcc.legado.action.ActionForm,tcc.legado.action.HttpServletRequest,tcc.legado.action.HttpServletResponse]",livro,1
C:\desenvolvimento\tcc-legado\monolito-biblioteca\src\main\java\tcc\legado\action\EmprestimoAction.java,tcc.legado.action.EmprestimoAction,"detalhar/4[tcc.legado.action.ActionMapping,tcc.legado.action.ActionForm,tcc.legado.action.HttpServletRequest,tcc.legado.action.HttpServletResponse]",response,0
C:\desenvolvimento\tcc-legado\monolito-biblioteca\src\main\java\tcc\legado\action\EmprestimoAction.java,tcc.legado.action.EmprestimoAction,"detalhar/4[tcc.legado.action.ActionMapping,tcc.legado.action.ActionForm,tcc.legado.action.HttpServletRequest,tcc.legado.action.HttpServletResponse]",emp,4
C:\desenvolvimento\tcc-legado\monolito-biblioteca\src\main\java\tcc\legado\action\EmprestimoAction.java,tcc.legado.action.EmprestimoAction,"detalhar/4[tcc.legado.action.ActionMapping,tcc.legado.action.ActionForm,tcc.legado.action.HttpServletRequest,tcc.legado.action.HttpServletResponse]",usuario,1
C:\desenvolvimento\tcc-legado\monolito-biblioteca\src\main\java\tcc\legado\action\EmprestimoAction.java,tcc.legado.action.EmprestimoAction,"detalhar/4[tcc.legado.action.ActionMapping,tcc.legado.action.ActionForm,tcc.legado.action.HttpServletRequest,tcc.legado.action.HttpServletResponse]",id,1
C:\desenvolvimento\tcc-legado\monolito-biblioteca\src\main\java\tcc\legado\action\EmprestimoAction.java,tcc.legado.action.EmprestimoAction,"detalhar/4[tcc.legado.action.ActionMapping,tcc.legado.action.ActionForm,tcc.legado.action.HttpServletRequest,tcc.legado.action.HttpServletResponse]",ejb,1
C:\desenvolvimento\tcc-legado\monolito-biblioteca\src\main\java\tcc\legado\action\EmprestimoAction.java,tcc.legado.action.EmprestimoAction,"detalhar/4[tcc.legado.action.ActionMapping,tcc.legado.action.ActionForm,tcc.legado.action.HttpServletRequest,tcc.legado.action.HttpServletResponse]",usuarioDAO,1
C:\desenvolvimento\tcc-legado\monolito-biblioteca\src\main\java\tcc\legado\action\EmprestimoAction.java,tcc.legado.action.EmprestimoAction,"detalhar/4[tcc.legado.action.ActionMapping,tcc.legado.action.ActionForm,tcc.legado.action.HttpServletRequest,tcc.legado.action.HttpServletResponse]",livroDAO,1
C:\desenvolvimento\tcc-legado\monolito-biblioteca\src\main\java\tcc\legado\action\EmprestimoAction.java,tcc.legado.action.EmprestimoAction,getEmprestimoEJB/0,ctx,1
C:\desenvolvimento\tcc-legado\monolito-biblioteca\src\main\java\tcc\legado\action\EmprestimoAction.java,tcc.legado.action.EmprestimoAction,"listar/4[tcc.legado.action.ActionMapping,tcc.legado.action.ActionForm,tcc.legado.action.HttpServletRequest,tcc.legado.action.HttpServletResponse]",lista,1
C:\desenvolvimento\tcc-legado\monolito-biblioteca\src\main\java\tcc\legado\action\EmprestimoAction.java,tcc.legado.action.EmprestimoAction,"listar/4[tcc.legado.action.ActionMapping,tcc.legado.action.ActionForm,tcc.legado.action.HttpServletRequest,tcc.legado.action.HttpServletResponse]",request,2
C:\desenvolvimento\tcc-legado\monolito-biblioteca\src\main\java\tcc\legado\action\EmprestimoAction.java,tcc.legado.action.EmprestimoAction,"listar/4[tcc.legado.action.ActionMapping,tcc.legado.action.ActionForm,tcc.legado.action.HttpServletRequest,tcc.legado.action.HttpServletResponse]",mapping,2
C:\desenvolvimento\tcc-legado\monolito-biblioteca\src\main\java\tcc\legado\action\EmprestimoAction.java,tcc.legado.action.EmprestimoAction,"listar/4[tcc.legado.action.ActionMapping,tcc.legado.action.ActionForm,tcc.legado.action.HttpServletRequest,tcc.legado.action.HttpServletResponse]",form,0
C:\desenvolvimento\tcc-legado\monolito-biblioteca\src\main\java\tcc\legado\action\EmprestimoAction.java,tcc.legado.action.EmprestimoAction,"listar/4[tcc.legado.action.ActionMapping,tcc.legado.action.ActionForm,tcc.legado.action.HttpServletRequest,tcc.legado.action.HttpServletResponse]",e,1
C:\desenvolvimento\tcc-legado\monolito-biblioteca\src\main\java\tcc\legado\action\EmprestimoAction.java,tcc.legado.action.EmprestimoAction,"listar/4[tcc.legado.action.ActionMapping,tcc.legado.action.ActionForm,tcc.legado.action.HttpServletRequest,tcc.legado.action.HttpServletResponse]",response,0
C:\desenvolvimento\tcc-legado\monolito-biblioteca\src\main\java\tcc\legado\action\EmprestimoAction.java,tcc.legado.action.EmprestimoAction,"listar/4[tcc.legado.action.ActionMapping,tcc.legado.action.ActionForm,tcc.legado.action.HttpServletRequest,tcc.legado.action.HttpServletResponse]",ejb,1
C:\desenvolvimento\tcc-legado\monolito-biblioteca\src\main\java\tcc\legado\action\EmprestimoAction.java,tcc.legado.action.EmprestimoAction,"devolverForm/4[tcc.legado.action.ActionMapping,tcc.legado.action.ActionForm,tcc.legado.action.HttpServletRequest,tcc.legado.action.HttpServletResponse]",request,2
C:\desenvolvimento\tcc-legado\monolito-biblioteca\src\main\java\tcc\legado\action\EmprestimoAction.java,tcc.legado.action.EmprestimoAction,"devolverForm/4[tcc.legado.action.ActionMapping,tcc.legado.action.ActionForm,tcc.legado.action.HttpServletRequest,tcc.legado.action.HttpServletResponse]",mapping,2
C:\desenvolvimento\tcc-legado\monolito-biblioteca\src\main\java\tcc\legado\action\EmprestimoAction.java,tcc.legado.action.EmprestimoAction,"devolverForm/4[tcc.legado.action.ActionMapping,tcc.legado.action.ActionForm,tcc.legado.action.HttpServletRequest,tcc.legado.action.HttpServletResponse]",form,0
C:\desenvolvimento\tcc-legado\monolito-biblioteca\src\main\java\tcc\legado\action\EmprestimoAction.java,tcc.legado.action.EmprestimoAction,"devolverForm/4[tcc.legado.action.ActionMapping,tcc.legado.action.ActionForm,tcc.legado.action.HttpServletRequest,tcc.legado.action.HttpServletResponse]",e,3
C:\desenvolvimento\tcc-legado\monolito-biblioteca\src\main\java\tcc\legado\action\EmprestimoAction.java,tcc.legado.action.EmprestimoAction,"devolverForm/4[tcc.legado.action.ActionMapping,tcc.legado.action.ActionForm,tcc.legado.action.HttpServletRequest,tcc.legado.action.HttpServletResponse]",response,0
C:\desenvolvimento\tcc-legado\monolito-biblioteca\src\main\java\tcc\legado\action\EmprestimoAction.java,tcc.legado.action.EmprestimoAction,"devolverForm/4[tcc.legado.action.ActionMapping,tcc.legado.action.ActionForm,tcc.legado.action.HttpServletRequest,tcc.legado.action.HttpServletResponse]",ejb,1
C:\desenvolvimento\tcc-legado\monolito-biblioteca\src\main\java\tcc\legado\action\EmprestimoAction.java,tcc.legado.action.EmprestimoAction,"devolverForm/4[tcc.legado.action.ActionMapping,tcc.legado.action.ActionForm,tcc.legado.action.HttpServletRequest,tcc.legado.action.HttpServletResponse]",ativos,1
C:\desenvolvimento\tcc-legado\monolito-biblioteca\src\main\java\tcc\legado\job\QuartzInitializer.java,tcc.legado.job.QuartzInitializer,agendarJobs/1[tcc.legado.job.Scheduler],scheduler,2
C:\desenvolvimento\tcc-legado\monolito-biblioteca\src\main\java\tcc\legado\job\QuartzInitializer.java,tcc.legado.job.QuartzInitializer,agendarJobs/1[tcc.legado.job.Scheduler],multaTrigger,1
C:\desenvolvimento\tcc-legado\monolito-biblioteca\src\main\java\tcc\legado\job\QuartzInitializer.java,tcc.legado.job.QuartzInitializer,agendarJobs/1[tcc.legado.job.Scheduler],multaJob,1
C:\desenvolvimento\tcc-legado\monolito-biblioteca\src\main\java\tcc\legado\job\QuartzInitializer.java,tcc.legado.job.QuartzInitializer,agendarJobs/1[tcc.legado.job.Scheduler],destaqueTrigger,1
C:\desenvolvimento\tcc-legado\monolito-biblioteca\src\main\java\tcc\legado\job\QuartzInitializer.java,tcc.legado.job.QuartzInitializer,agendarJobs/1[tcc.legado.job.Scheduler],destaqueJob,1
C:\desenvolvimento\tcc-legado\monolito-biblioteca\src\main\java\tcc\legado\job\QuartzInitializer.java,tcc.legado.job.QuartzInitializer,init/0,scheduler,2
C:\desenvolvimento\tcc-legado\monolito-biblioteca\src\main\java\tcc\legado\job\QuartzInitializer.java,tcc.legado.job.QuartzInitializer,init/0,e,2
C:\desenvolvimento\tcc-legado\monolito-biblioteca\src\main\java\tcc\legado\ejb\auth\AuthEJB.java,tcc.legado.ejb.auth.AuthEJB,"autenticar/2[java.lang.String,java.lang.String]",senha,1
C:\desenvolvimento\tcc-legado\monolito-biblioteca\src\main\java\tcc\legado\ejb\auth\AuthEJB.java,tcc.legado.ejb.auth.AuthEJB,"autenticar/2[java.lang.String,java.lang.String]",matricula,2
C:\desenvolvimento\tcc-legado\monolito-biblioteca\src\main\java\tcc\legado\service\LivroDestaqueService.java,tcc.legado.service.LivroDestaqueService,atualizar/1[tcc.legado.model.LivroDestaque],livroDestaque,3
C:\desenvolvimento\tcc-legado\monolito-biblioteca\src\main\java\tcc\legado\service\LivroDestaqueService.java,tcc.legado.service.LivroDestaqueService,salvar/1[tcc.legado.model.LivroDestaque],livroDestaque,2
C:\desenvolvimento\tcc-legado\monolito-biblioteca\src\main\java\tcc\legado\service\LivroDestaqueService.java,tcc.legado.service.LivroDestaqueService,validar/1[tcc.legado.model.LivroDestaque],livroDestaque,8
C:\desenvolvimento\tcc-legado\monolito-biblioteca\src\main\java\tcc\legado\service\LivroDestaqueService.java,tcc.legado.service.LivroDestaqueService,excluir/1[java.lang.Long],id,3
C:\desenvolvimento\tcc-legado\monolito-biblioteca\src\main\java\tcc\legado\service\LivroDestaqueService.java,tcc.legado.service.LivroDestaqueService,buscarPorId/1[java.lang.Long],id,3
C:\desenvolvimento\tcc-legado\monolito-biblioteca\src\main\java\tcc\legado\service\LivroDestaqueService.java,tcc.legado.service.LivroDestaqueService,visualizar/1[java.lang.Long],id,3
C:\desenvolvimento\tcc-legado\monolito-biblioteca\src\main\java\tcc\legado\service\AuthService.java,tcc.legado.service.AuthService,"autenticar/2[java.lang.String,java.lang.String]",senha,3
C:\desenvolvimento\tcc-legado\monolito-biblioteca\src\main\java\tcc\legado\service\AuthService.java,tcc.legado.service.AuthService,"autenticar/2[java.lang.String,java.lang.String]",matricula,3
C:\desenvolvimento\tcc-legado\monolito-biblioteca\src\main\java\tcc\legado\dao\UsuarioDAO.java,tcc.legado.dao.UsuarioDAO,buscarPorId/1[java.lang.Long],rs,6
C:\desenvolvimento\tcc-legado\monolito-biblioteca\src\main\java\tcc\legado\dao\UsuarioDAO.java,tcc.legado.dao.UsuarioDAO,buscarPorId/1[java.lang.Long],conn,1
C:\desenvolvimento\tcc-legado\monolito-biblioteca\src\main\java\tcc\legado\dao\UsuarioDAO.java,tcc.legado.dao.UsuarioDAO,buscarPorId/1[java.lang.Long],ps,2
C:\desenvolvimento\tcc-legado\monolito-biblioteca\src\main\java\tcc\legado\dao\UsuarioDAO.java,tcc.legado.dao.UsuarioDAO,buscarPorId/1[java.lang.Long],u,6
C:\desenvolvimento\tcc-legado\monolito-biblioteca\src\main\java\tcc\legado\dao\UsuarioDAO.java,tcc.legado.dao.UsuarioDAO,buscarPorId/1[java.lang.Long],e,1
C:\desenvolvimento\tcc-legado\monolito-biblioteca\src\main\java\tcc\legado\dao\UsuarioDAO.java,tcc.legado.dao.UsuarioDAO,buscarPorId/1[java.lang.Long],id,1
C:\desenvolvimento\tcc-legado\monolito-biblioteca\src\main\java\tcc\legado\dao\UsuarioDAO.java,tcc.legado.dao.UsuarioDAO,buscarPorId/1[java.lang.Long],sql,1
C:\desenvolvimento\tcc-legado\monolito-biblioteca\src\main\java\tcc\legado\dao\UsuarioDAO.java,tcc.legado.dao.UsuarioDAO,excluir/1[java.lang.Long],conn,1
C:\desenvolvimento\tcc-legado\monolito-biblioteca\src\main\java\tcc\legado\dao\UsuarioDAO.java,tcc.legado.dao.UsuarioDAO,excluir/1[java.lang.Long],ps,2
C:\desenvolvimento\tcc-legado\monolito-biblioteca\src\main\java\tcc\legado\dao\UsuarioDAO.java,tcc.legado.dao.UsuarioDAO,excluir/1[java.lang.Long],e,1
C:\desenvolvimento\tcc-legado\monolito-biblioteca\src\main\java\tcc\legado\dao\UsuarioDAO.java,tcc.legado.dao.UsuarioDAO,excluir/1[java.lang.Long],id,1
C:\desenvolvimento\tcc-legado\monolito-biblioteca\src\main\java\tcc\legado\dao\UsuarioDAO.java,tcc.legado.dao.UsuarioDAO,excluir/1[java.lang.Long],sql,1
C:\desenvolvimento\tcc-legado\monolito-biblioteca\src\main\java\tcc\legado\dao\UsuarioDAO.java,tcc.legado.dao.UsuarioDAO,listarTodos/0,rs,6
C:\desenvolvimento\tcc-legado\monolito-biblioteca\src\main\java\tcc\legado\dao\UsuarioDAO.java,tcc.legado.dao.UsuarioDAO,listarTodos/0,conn,1
C:\desenvolvimento\tcc-legado\monolito-biblioteca\src\main\java\tcc\legado\dao\UsuarioDAO.java,tcc.legado.dao.UsuarioDAO,listarTodos/0,u,6
C:\desenvolvimento\tcc-legado\monolito-biblioteca\src\main\java\tcc\legado\dao\UsuarioDAO.java,tcc.legado.dao.UsuarioDAO,listarTodos/0,e,1
C:\desenvolvimento\tcc-legado\monolito-biblioteca\src\main\java\tcc\legado\dao\UsuarioDAO.java,tcc.legado.dao.UsuarioDAO,listarTodos/0,usuarios,2
C:\desenvolvimento\tcc-legado\monolito-biblioteca\src\main\java\tcc\legado\dao\UsuarioDAO.java,tcc.legado.dao.UsuarioDAO,listarTodos/0,stmt,1
C:\desenvolvimento\tcc-legado\monolito-biblioteca\src\main\java\tcc\legado\dao\UsuarioDAO.java,tcc.legado.dao.UsuarioDAO,listarTodos/0,sql,1
C:\desenvolvimento\tcc-legado\monolito-biblioteca\src\main\java\tcc\legado\dao\UsuarioDAO.java,tcc.legado.dao.UsuarioDAO,buscarPorMatricula/1[java.lang.String],rs,6
C:\desenvolvimento\tcc-legado\monolito-biblioteca\src\main\java\tcc\legado\dao\UsuarioDAO.java,tcc.legado.dao.UsuarioDAO,buscarPorMatricula/1[java.lang.String],conn,1
C:\desenvolvimento\tcc-legado\monolito-biblioteca\src\main\java\tcc\legado\dao\UsuarioDAO.java,tcc.legado.dao.UsuarioDAO,buscarPorMatricula/1[java.lang.String],ps,2
C:\desenvolvimento\tcc-legado\monolito-biblioteca\src\main\java\tcc\legado\dao\UsuarioDAO.java,tcc.legado.dao.UsuarioDAO,buscarPorMatricula/1[java.lang.String],u,6
C:\desenvolvimento\tcc-legado\monolito-biblioteca\src\main\java\tcc\legado\dao\UsuarioDAO.java,tcc.legado.dao.UsuarioDAO,buscarPorMatricula/1[java.lang.String],e,1
C:\desenvolvimento\tcc-legado\monolito-biblioteca\src\main\java\tcc\legado\dao\UsuarioDAO.java,tcc.legado.dao.UsuarioDAO,buscarPorMatricula/1[java.lang.String],matricula,1
C:\desenvolvimento\tcc-legado\monolito-biblioteca\src\main\java\tcc\legado\dao\UsuarioDAO.java,tcc.legado.dao.UsuarioDAO,buscarPorMatricula/1[java.lang.String],sql,1
C:\desenvolvimento\tcc-legado\monolito-biblioteca\src\main\java\tcc\legado\dao\UsuarioDAO.java,tcc.legado.dao.UsuarioDAO,salvar/1[tcc.legado.model.Usuario],rs,2
C:\desenvolvimento\tcc-legado\monolito-biblioteca\src\main\java\tcc\legado\dao\UsuarioDAO.java,tcc.legado.dao.UsuarioDAO,salvar/1[tcc.legado.model.Usuario],conn,1
C:\desenvolvimento\tcc-legado\monolito-biblioteca\src\main\java\tcc\legado\dao\UsuarioDAO.java,tcc.legado.dao.UsuarioDAO,salvar/1[tcc.legado.model.Usuario],ps,6
C:\desenvolvimento\tcc-legado\monolito-biblioteca\src\main\java\tcc\legado\dao\UsuarioDAO.java,tcc.legado.dao.UsuarioDAO,salvar/1[tcc.legado.model.Usuario],e,1
C:\desenvolvimento\tcc-legado\monolito-biblioteca\src\main\java\tcc\legado\dao\UsuarioDAO.java,tcc.legado.dao.UsuarioDAO,salvar/1[tcc.legado.model.Usuario],usuario,5
C:\desenvolvimento\tcc-legado\monolito-biblioteca\src\main\java\tcc\legado\dao\UsuarioDAO.java,tcc.legado.dao.UsuarioDAO,salvar/1[tcc.legado.model.Usuario],sql,1
C:\desenvolvimento\tcc-legado\monolito-biblioteca\src\main\java\tcc\legado\dao\UsuarioDAO.java,tcc.legado.dao.UsuarioDAO,atualizar/1[tcc.legado.model.Usuario],conn,1
C:\desenvolvimento\tcc-legado\monolito-biblioteca\src\main\java\tcc\legado\dao\UsuarioDAO.java,tcc.legado.dao.UsuarioDAO,atualizar/1[tcc.legado.model.Usuario],ps,5
C:\desenvolvimento\tcc-legado\monolito-biblioteca\src\main\java\tcc\legado\dao\UsuarioDAO.java,tcc.legado.dao.UsuarioDAO,atualizar/1[tcc.legado.model.Usuario],e,1
C:\desenvolvimento\tcc-legado\monolito-biblioteca\src\main\java\tcc\legado\dao\UsuarioDAO.java,tcc.legado.dao.UsuarioDAO,atualizar/1[tcc.legado.model.Usuario],usuario,4
C:\desenvolvimento\tcc-legado\monolito-biblioteca\src\main\java\tcc\legado\dao\UsuarioDAO.java,tcc.legado.dao.UsuarioDAO,atualizar/1[tcc.legado.model.Usuario],sql,1
C:\desenvolvimento\tcc-legado\monolito-biblioteca\src\main\java\tcc\legado\dao\UsuarioDAO.java,tcc.legado.dao.UsuarioDAO,getConnection/0,e,1
C:\desenvolvimento\tcc-legado\monolito-biblioteca\src\main\java\tcc\legado\ejb\usuario\IUsuarioEJB.java,tcc.legado.ejb.usuario.IUsuarioEJB,buscarPorMatricula/1[java.lang.String],matricula,0
C:\desenvolvimento\tcc-legado\monolito-biblioteca\src\main\java\tcc\legado\ejb\usuario\IUsuarioEJB.java,tcc.legado.ejb.usuario.IUsuarioEJB,salvar/1[tcc.legado.model.Usuario],usuario,0
C:\desenvolvimento\tcc-legado\monolito-biblioteca\src\main\java\tcc\legado\ejb\usuario\IUsuarioEJB.java,tcc.legado.ejb.usuario.IUsuarioEJB,atualizar/1[tcc.legado.model.Usuario],usuario,0
C:\desenvolvimento\tcc-legado\monolito-biblioteca\src\main\java\tcc\legado\ejb\usuario\IUsuarioEJB.java,tcc.legado.ejb.usuario.IUsuarioEJB,excluir/1[java.lang.Long],id,0
C:\desenvolvimento\tcc-legado\monolito-biblioteca\src\main\java\tcc\legado\ejb\usuario\IUsuarioEJB.java,tcc.legado.ejb.usuario.IUsuarioEJB,buscarPorId/1[java.lang.Long],id,0
C:\desenvolvimento\tcc-legado\monolito-biblioteca\src\main\java\tcc\legado\filter\AuthFilter.java,tcc.legado.filter.AuthFilter,extrairDominio/1[java.lang.String],uri,4
C:\desenvolvimento\tcc-legado\monolito-biblioteca\src\main\java\tcc\legado\filter\AuthFilter.java,tcc.legado.filter.AuthFilter,"temPermissao/3[java.lang.String,java.lang.String,java.lang.String]",perfis,1
C:\desenvolvimento\tcc-legado\monolito-biblioteca\src\main\java\tcc\legado\filter\AuthFilter.java,tcc.legado.filter.AuthFilter,"temPermissao/3[java.lang.String,java.lang.String,java.lang.String]",perfilNome,1
C:\desenvolvimento\tcc-legado\monolito-biblioteca\src\main\java\tcc\legado\filter\AuthFilter.java,tcc.legado.filter.AuthFilter,"temPermissao/3[java.lang.String,java.lang.String,java.lang.String]",metodo,1
C:\desenvolvimento\tcc-legado\monolito-biblioteca\src\main\java\tcc\legado\filter\AuthFilter.java,tcc.legado.filter.AuthFilter,"temPermissao/3[java.lang.String,java.lang.String,java.lang.String]",permissao,2
C:\desenvolvimento\tcc-legado\monolito-biblioteca\src\main\java\tcc\legado\filter\AuthFilter.java,tcc.legado.filter.AuthFilter,"temPermissao/3[java.lang.String,java.lang.String,java.lang.String]",uri,1
C:\desenvolvimento\tcc-legado\monolito-biblioteca\src\main\java\tcc\legado\filter\AuthFilter.java,tcc.legado.filter.AuthFilter,"temPermissao/3[java.lang.String,java.lang.String,java.lang.String]",perfil,2
C:\desenvolvimento\tcc-legado\monolito-biblioteca\src\main\java\tcc\legado\filter\AuthFilter.java,tcc.legado.filter.AuthFilter,"doFilter/3[tcc.legado.filter.ServletRequest,tcc.legado.filter.ServletResponse,tcc.legado.filter.FilterChain]",res,1
C:\desenvolvimento\tcc-legado\monolito-biblioteca\src\main\java\tcc\legado\filter\AuthFilter.java,tcc.legado.filter.AuthFilter,"doFilter/3[tcc.legado.filter.ServletRequest,tcc.legado.filter.ServletResponse,tcc.legado.filter.FilterChain]",request,10
C:\desenvolvimento\tcc-legado\monolito-biblioteca\src\main\java\tcc\legado\filter\AuthFilter.java,tcc.legado.filter.AuthFilter,"doFilter/3[tcc.legado.filter.ServletRequest,tcc.legado.filter.ServletResponse,tcc.legado.filter.FilterChain]",chain,3
C:\desenvolvimento\tcc-legado\monolito-biblioteca\src\main\java\tcc\legado\filter\AuthFilter.java,tcc.legado.filter.AuthFilter,"doFilter/3[tcc.legado.filter.ServletRequest,tcc.legado.filter.ServletResponse,tcc.legado.filter.FilterChain]",response,5
C:\desenvolvimento\tcc-legado\monolito-biblioteca\src\main\java\tcc\legado\filter\AuthFilter.java,tcc.legado.filter.AuthFilter,"doFilter/3[tcc.legado.filter.ServletRequest,tcc.legado.filter.ServletResponse,tcc.legado.filter.FilterChain]",session,3
C:\desenvolvimento\tcc-legado\monolito-biblioteca\src\main\java\tcc\legado\filter\AuthFilter.java,tcc.legado.filter.AuthFilter,"doFilter/3[tcc.legado.filter.ServletRequest,tcc.legado.filter.ServletResponse,tcc.legado.filter.FilterChain]",contextPath,3
C:\desenvolvimento\tcc-legado\monolito-biblioteca\src\main\java\tcc\legado\filter\AuthFilter.java,tcc.legado.filter.AuthFilter,"doFilter/3[tcc.legado.filter.ServletRequest,tcc.legado.filter.ServletResponse,tcc.legado.filter.FilterChain]",metodo,1
C:\desenvolvimento\tcc-legado\monolito-biblioteca\src\main\java\tcc\legado\filter\AuthFilter.java,tcc.legado.filter.AuthFilter,"doFilter/3[tcc.legado.filter.ServletRequest,tcc.legado.filter.ServletResponse,tcc.legado.filter.FilterChain]",uri,17
C:\desenvolvimento\tcc-legado\monolito-biblioteca\src\main\java\tcc\legado\filter\AuthFilter.java,tcc.legado.filter.AuthFilter,"doFilter/3[tcc.legado.filter.ServletRequest,tcc.legado.filter.ServletResponse,tcc.legado.filter.FilterChain]",req,1
C:\desenvolvimento\tcc-legado\monolito-biblioteca\src\main\java\tcc\legado\filter\AuthFilter.java,tcc.legado.filter.AuthFilter,"doFilter/3[tcc.legado.filter.ServletRequest,tcc.legado.filter.ServletResponse,tcc.legado.filter.FilterChain]",perfil,1
C:\desenvolvimento\tcc-legado\monolito-biblioteca\src\main\java\tcc\legado\filter\AuthFilter.java,tcc.legado.filter.AuthFilter,mapearMetodo/1[java.lang.String],metodo,2
C:\desenvolvimento\tcc-legado\monolito-biblioteca\src\main\java\tcc\legado\filter\AuthFilter.java,tcc.legado.filter.AuthFilter,"mapearParaPermissao/2[java.lang.String,java.lang.String]",dominio,2
C:\desenvolvimento\tcc-legado\monolito-biblioteca\src\main\java\tcc\legado\filter\AuthFilter.java,tcc.legado.filter.AuthFilter,"mapearParaPermissao/2[java.lang.String,java.lang.String]",metodo,1
C:\desenvolvimento\tcc-legado\monolito-biblioteca\src\main\java\tcc\legado\filter\AuthFilter.java,tcc.legado.filter.AuthFilter,"mapearParaPermissao/2[java.lang.String,java.lang.String]",uri,1
C:\desenvolvimento\tcc-legado\monolito-biblioteca\src\main\java\tcc\legado\filter\AuthFilter.java,tcc.legado.filter.AuthFilter,"mapearParaPermissao/2[java.lang.String,java.lang.String]",acao,2
C:\desenvolvimento\tcc-legado\monolito-biblioteca\src\main\java\tcc\legado\ejb\auth\IAuthEJB.java,tcc.legado.ejb.auth.IAuthEJB,"autenticar/2[java.lang.String,java.lang.String]",senha,0
C:\desenvolvimento\tcc-legado\monolito-biblioteca\src\main\java\tcc\legado\ejb\auth\IAuthEJB.java,tcc.legado.ejb.auth.IAuthEJB,"autenticar/2[java.lang.String,java.lang.String]",matricula,0
C:\desenvolvimento\tcc-legado\monolito-biblioteca\src\main\java\tcc\legado\model\UsuarioAuth.java,tcc.legado.model.UsuarioAuth,setSenha/1[java.lang.String],senha,2
C:\desenvolvimento\tcc-legado\monolito-biblioteca\src\main\java\tcc\legado\model\UsuarioAuth.java,tcc.legado.model.UsuarioAuth,"UsuarioAuth/3[java.lang.String,java.lang.String,java.lang.String]",senha,2
C:\desenvolvimento\tcc-legado\monolito-biblioteca\src\main\java\tcc\legado\model\UsuarioAuth.java,tcc.legado.model.UsuarioAuth,"UsuarioAuth/3[java.lang.String,java.lang.String,java.lang.String]",matricula,2
C:\desenvolvimento\tcc-legado\monolito-biblioteca\src\main\java\tcc\legado\model\UsuarioAuth.java,tcc.legado.model.UsuarioAuth,"UsuarioAuth/3[java.lang.String,java.lang.String,java.lang.String]",perfil,2
C:\desenvolvimento\tcc-legado\monolito-biblioteca\src\main\java\tcc\legado\model\UsuarioAuth.java,tcc.legado.model.UsuarioAuth,setPerfil/1[java.lang.String],perfil,2
C:\desenvolvimento\tcc-legado\monolito-biblioteca\src\main\java\tcc\legado\model\UsuarioAuth.java,tcc.legado.model.UsuarioAuth,setMatricula/1[java.lang.String],matricula,2
C:\desenvolvimento\tcc-legado\monolito-biblioteca\src\main\java\tcc\legado\dao\LivroDestaqueDAO.java,tcc.legado.dao.LivroDestaqueDAO,excluirPorCategoria/1[java.lang.String],conn,1
C:\desenvolvimento\tcc-legado\monolito-biblioteca\src\main\java\tcc\legado\dao\LivroDestaqueDAO.java,tcc.legado.dao.LivroDestaqueDAO,excluirPorCategoria/1[java.lang.String],ps,2
C:\desenvolvimento\tcc-legado\monolito-biblioteca\src\main\java\tcc\legado\dao\LivroDestaqueDAO.java,tcc.legado.dao.LivroDestaqueDAO,excluirPorCategoria/1[java.lang.String],e,1
C:\desenvolvimento\tcc-legado\monolito-biblioteca\src\main\java\tcc\legado\dao\LivroDestaqueDAO.java,tcc.legado.dao.LivroDestaqueDAO,excluirPorCategoria/1[java.lang.String],categoria,1
C:\desenvolvimento\tcc-legado\monolito-biblioteca\src\main\java\tcc\legado\dao\LivroDestaqueDAO.java,tcc.legado.dao.LivroDestaqueDAO,excluirPorCategoria/1[java.lang.String],sql,1
C:\desenvolvimento\tcc-legado\monolito-biblioteca\src\main\java\tcc\legado\dao\LivroDestaqueDAO.java,tcc.legado.dao.LivroDestaqueDAO,buscarTopLivrosMes/1[int],rs,8
C:\desenvolvimento\tcc-legado\monolito-biblioteca\src\main\java\tcc\legado\dao\LivroDestaqueDAO.java,tcc.legado.dao.LivroDestaqueDAO,buscarTopLivrosMes/1[int],conn,1
C:\desenvolvimento\tcc-legado\monolito-biblioteca\src\main\java\tcc\legado\dao\LivroDestaqueDAO.java,tcc.legado.dao.LivroDestaqueDAO,buscarTopLivrosMes/1[int],ps,2
C:\desenvolvimento\tcc-legado\monolito-biblioteca\src\main\java\tcc\legado\dao\LivroDestaqueDAO.java,tcc.legado.dao.LivroDestaqueDAO,buscarTopLivrosMes/1[int],e,1
C:\desenvolvimento\tcc-legado\monolito-biblioteca\src\main\java\tcc\legado\dao\LivroDestaqueDAO.java,tcc.legado.dao.LivroDestaqueDAO,buscarTopLivrosMes/1[int],limite,1
C:\desenvolvimento\tcc-legado\monolito-biblioteca\src\main\java\tcc\legado\dao\LivroDestaqueDAO.java,tcc.legado.dao.LivroDestaqueDAO,buscarTopLivrosMes/1[int],l,8
C:\desenvolvimento\tcc-legado\monolito-biblioteca\src\main\java\tcc\legado\dao\LivroDestaqueDAO.java,tcc.legado.dao.LivroDestaqueDAO,buscarTopLivrosMes/1[int],topLivros,2
C:\desenvolvimento\tcc-legado\monolito-biblioteca\src\main\java\tcc\legado\dao\LivroDestaqueDAO.java,tcc.legado.dao.LivroDestaqueDAO,buscarTopLivrosMes/1[int],sql,1
C:\desenvolvimento\tcc-legado\monolito-biblioteca\src\main\java\tcc\legado\dao\LivroDestaqueDAO.java,tcc.legado.dao.LivroDestaqueDAO,atualizar/1[tcc.legado.model.LivroDestaque],conn,1
C:\desenvolvimento\tcc-legado\monolito-biblioteca\src\main\java\tcc\legado\dao\LivroDestaqueDAO.java,tcc.legado.dao.LivroDestaqueDAO,atualizar/1[tcc.legado.model.LivroDestaque],ps,10
C:\desenvolvimento\tcc-legado\monolito-biblioteca\src\main\java\tcc\legado\dao\LivroDestaqueDAO.java,tcc.legado.dao.LivroDestaqueDAO,atualizar/1[tcc.legado.model.LivroDestaque],e,1
C:\desenvolvimento\tcc-legado\monolito-biblioteca\src\main\java\tcc\legado\dao\LivroDestaqueDAO.java,tcc.legado.dao.LivroDestaqueDAO,atualizar/1[tcc.legado.model.LivroDestaque],livroDestaque,13
C:\desenvolvimento\tcc-legado\monolito-biblioteca\src\main\java\tcc\legado\dao\LivroDestaqueDAO.java,tcc.legado.dao.LivroDestaqueDAO,atualizar/1[tcc.legado.model.LivroDestaque],sql,3
C:\desenvolvimento\tcc-legado\monolito-biblioteca\src\main\java\tcc\legado\dao\LivroDestaqueDAO.java,tcc.legado.dao.LivroDestaqueDAO,incrementarVisualizacoes/1[java.lang.Long],conn,1
C:\desenvolvimento\tcc-legado\monolito-biblioteca\src\main\java\tcc\legado\dao\LivroDestaqueDAO.java,tcc.legado.dao.LivroDestaqueDAO,incrementarVisualizacoes/1[java.lang.Long],ps,2
C:\desenvolvimento\tcc-legado\monolito-biblioteca\src\main\java\tcc\legado\dao\LivroDestaqueDAO.java,tcc.legado.dao.LivroDestaqueDAO,incrementarVisualizacoes/1[java.lang.Long],e,1
C:\desenvolvimento\tcc-legado\monolito-biblioteca\src\main\java\tcc\legado\dao\LivroDestaqueDAO.java,tcc.legado.dao.LivroDestaqueDAO,incrementarVisualizacoes/1[java.lang.Long],id,1
C:\desenvolvimento\tcc-legado\monolito-biblioteca\src\main\java\tcc\legado\dao\LivroDestaqueDAO.java,tcc.legado.dao.LivroDestaqueDAO,incrementarVisualizacoes/1[java.lang.Long],sql,1
C:\desenvolvimento\tcc-legado\monolito-biblioteca\src\main\java\tcc\legado\dao\LivroDestaqueDAO.java,tcc.legado.dao.LivroDestaqueDAO,getConnection/0,e,1
C:\desenvolvimento\tcc-legado\monolito-biblioteca\src\main\java\tcc\legado\dao\LivroDestaqueDAO.java,tcc.legado.dao.LivroDestaqueDAO,listarTodos/0,rs,2
C:\desenvolvimento\tcc-legado\monolito-biblioteca\src\main\java\tcc\legado\dao\LivroDestaqueDAO.java,tcc.legado.dao.LivroDestaqueDAO,listarTodos/0,conn,1
C:\desenvolvimento\tcc-legado\monolito-biblioteca\src\main\java\tcc\legado\dao\LivroDestaqueDAO.java,tcc.legado.dao.LivroDestaqueDAO,listarTodos/0,e,1
C:\desenvolvimento\tcc-legado\monolito-biblioteca\src\main\java\tcc\legado\dao\LivroDestaqueDAO.java,tcc.legado.dao.LivroDestaqueDAO,listarTodos/0,ld,1
C:\desenvolvimento\tcc-legado\monolito-biblioteca\src\main\java\tcc\legado\dao\LivroDestaqueDAO.java,tcc.legado.dao.LivroDestaqueDAO,listarTodos/0,destaques,2
C:\desenvolvimento\tcc-legado\monolito-biblioteca\src\main\java\tcc\legado\dao\LivroDestaqueDAO.java,tcc.legado.dao.LivroDestaqueDAO,listarTodos/0,stmt,1
C:\desenvolvimento\tcc-legado\monolito-biblioteca\src\main\java\tcc\legado\dao\LivroDestaqueDAO.java,tcc.legado.dao.LivroDestaqueDAO,listarTodos/0,sql,1
C:\desenvolvimento\tcc-legado\monolito-biblioteca\src\main\java\tcc\legado\dao\LivroDestaqueDAO.java,tcc.legado.dao.LivroDestaqueDAO,salvar/1[tcc.legado.model.LivroDestaque],rs,2
C:\desenvolvimento\tcc-legado\monolito-biblioteca\src\main\java\tcc\legado\dao\LivroDestaqueDAO.java,tcc.legado.dao.LivroDestaqueDAO,salvar/1[tcc.legado.model.LivroDestaque],conn,1
C:\desenvolvimento\tcc-legado\monolito-biblioteca\src\main\java\tcc\legado\dao\LivroDestaqueDAO.java,tcc.legado.dao.LivroDestaqueDAO,salvar/1[tcc.legado.model.LivroDestaque],ps,11
C:\desenvolvimento\tcc-legado\monolito-biblioteca\src\main\java\tcc\legado\dao\LivroDestaqueDAO.java,tcc.legado.dao.LivroDestaqueDAO,salvar/1[tcc.legado.model.LivroDestaque],e,1
C:\desenvolvimento\tcc-legado\monolito-biblioteca\src\main\java\tcc\legado\dao\LivroDestaqueDAO.java,tcc.legado.dao.LivroDestaqueDAO,salvar/1[tcc.legado.model.LivroDestaque],livroDestaque,15
C:\desenvolvimento\tcc-legado\monolito-biblioteca\src\main\java\tcc\legado\dao\LivroDestaqueDAO.java,tcc.legado.dao.LivroDestaqueDAO,salvar/1[tcc.legado.model.LivroDestaque],sql,3
C:\desenvolvimento\tcc-legado\monolito-biblioteca\src\main\java\tcc\legado\dao\LivroDestaqueDAO.java,tcc.legado.dao.LivroDestaqueDAO,listarAtivos/0,rs,2
C:\desenvolvimento\tcc-legado\monolito-biblioteca\src\main\java\tcc\legado\dao\LivroDestaqueDAO.java,tcc.legado.dao.LivroDestaqueDAO,listarAtivos/0,conn,1
C:\desenvolvimento\tcc-legado\monolito-biblioteca\src\main\java\tcc\legado\dao\LivroDestaqueDAO.java,tcc.legado.dao.LivroDestaqueDAO,listarAtivos/0,e,1
C:\desenvolvimento\tcc-legado\monolito-biblioteca\src\main\java\tcc\legado\dao\LivroDestaqueDAO.java,tcc.legado.dao.LivroDestaqueDAO,listarAtivos/0,ld,1
C:\desenvolvimento\tcc-legado\monolito-biblioteca\src\main\java\tcc\legado\dao\LivroDestaqueDAO.java,tcc.legado.dao.LivroDestaqueDAO,listarAtivos/0,destaques,2
C:\desenvolvimento\tcc-legado\monolito-biblioteca\src\main\java\tcc\legado\dao\LivroDestaqueDAO.java,tcc.legado.dao.LivroDestaqueDAO,listarAtivos/0,stmt,1
C:\desenvolvimento\tcc-legado\monolito-biblioteca\src\main\java\tcc\legado\dao\LivroDestaqueDAO.java,tcc.legado.dao.LivroDestaqueDAO,listarAtivos/0,sql,1
C:\desenvolvimento\tcc-legado\monolito-biblioteca\src\main\java\tcc\legado\dao\LivroDestaqueDAO.java,tcc.legado.dao.LivroDestaqueDAO,listarPorCategoria/1[java.lang.String],lista,2
C:\desenvolvimento\tcc-legado\monolito-biblioteca\src\main\java\tcc\legado\dao\LivroDestaqueDAO.java,tcc.legado.dao.LivroDestaqueDAO,listarPorCategoria/1[java.lang.String],rs,2
C:\desenvolvimento\tcc-legado\monolito-biblioteca\src\main\java\tcc\legado\dao\LivroDestaqueDAO.java,tcc.legado.dao.LivroDestaqueDAO,listarPorCategoria/1[java.lang.String],conn,1
C:\desenvolvimento\tcc-legado\monolito-biblioteca\src\main\java\tcc\legado\dao\LivroDestaqueDAO.java,tcc.legado.dao.LivroDestaqueDAO,listarPorCategoria/1[java.lang.String],ps,2
C:\desenvolvimento\tcc-legado\monolito-biblioteca\src\main\java\tcc\legado\dao\LivroDestaqueDAO.java,tcc.legado.dao.LivroDestaqueDAO,listarPorCategoria/1[java.lang.String],e,1
C:\desenvolvimento\tcc-legado\monolito-biblioteca\src\main\java\tcc\legado\dao\LivroDestaqueDAO.java,tcc.legado.dao.LivroDestaqueDAO,listarPorCategoria/1[java.lang.String],categoria,1
C:\desenvolvimento\tcc-legado\monolito-biblioteca\src\main\java\tcc\legado\dao\LivroDestaqueDAO.java,tcc.legado.dao.LivroDestaqueDAO,listarPorCategoria/1[java.lang.String],sql,1
C:\desenvolvimento\tcc-legado\monolito-biblioteca\src\main\java\tcc\legado\dao\LivroDestaqueDAO.java,tcc.legado.dao.LivroDestaqueDAO,excluir/1[java.lang.Long],conn,1
C:\desenvolvimento\tcc-legado\monolito-biblioteca\src\main\java\tcc\legado\dao\LivroDestaqueDAO.java,tcc.legado.dao.LivroDestaqueDAO,excluir/1[java.lang.Long],ps,2
C:\desenvolvimento\tcc-legado\monolito-biblioteca\src\main\java\tcc\legado\dao\LivroDestaqueDAO.java,tcc.legado.dao.LivroDestaqueDAO,excluir/1[java.lang.Long],e,1
C:\desenvolvimento\tcc-legado\monolito-biblioteca\src\main\java\tcc\legado\dao\LivroDestaqueDAO.java,tcc.legado.dao.LivroDestaqueDAO,excluir/1[java.lang.Long],id,1
C:\desenvolvimento\tcc-legado\monolito-biblioteca\src\main\java\tcc\legado\dao\LivroDestaqueDAO.java,tcc.legado.dao.LivroDestaqueDAO,excluir/1[java.lang.Long],sql,1
C:\desenvolvimento\tcc-legado\monolito-biblioteca\src\main\java\tcc\legado\dao\LivroDestaqueDAO.java,tcc.legado.dao.LivroDestaqueDAO,buscarPorId/1[java.lang.Long],rs,2
C:\desenvolvimento\tcc-legado\monolito-biblioteca\src\main\java\tcc\legado\dao\LivroDestaqueDAO.java,tcc.legado.dao.LivroDestaqueDAO,buscarPorId/1[java.lang.Long],conn,1
C:\desenvolvimento\tcc-legado\monolito-biblioteca\src\main\java\tcc\legado\dao\LivroDestaqueDAO.java,tcc.legado.dao.LivroDestaqueDAO,buscarPorId/1[java.lang.Long],ps,2
C:\desenvolvimento\tcc-legado\monolito-biblioteca\src\main\java\tcc\legado\dao\LivroDestaqueDAO.java,tcc.legado.dao.LivroDestaqueDAO,buscarPorId/1[java.lang.Long],e,1
C:\desenvolvimento\tcc-legado\monolito-biblioteca\src\main\java\tcc\legado\dao\LivroDestaqueDAO.java,tcc.legado.dao.LivroDestaqueDAO,buscarPorId/1[java.lang.Long],id,1
C:\desenvolvimento\tcc-legado\monolito-biblioteca\src\main\java\tcc\legado\dao\LivroDestaqueDAO.java,tcc.legado.dao.LivroDestaqueDAO,buscarPorId/1[java.lang.Long],sql,1
C:\desenvolvimento\tcc-legado\monolito-biblioteca\src\main\java\tcc\legado\dao\LivroDestaqueDAO.java,tcc.legado.dao.LivroDestaqueDAO,mapResultSetToLivroDestaque/1[java.sql.ResultSet],rs,10
C:\desenvolvimento\tcc-legado\monolito-biblioteca\src\main\java\tcc\legado\dao\LivroDestaqueDAO.java,tcc.legado.dao.LivroDestaqueDAO,mapResultSetToLivroDestaque/1[java.sql.ResultSet],ld,11
C:\desenvolvimento\tcc-legado\monolito-biblioteca\src\main\java\tcc\legado\dao\LivroDestaqueDAO.java,tcc.legado.dao.LivroDestaqueDAO,mapResultSetToLivroDestaque/1[java.sql.ResultSet],inicio,2
C:\desenvolvimento\tcc-legado\monolito-biblioteca\src\main\java\tcc\legado\dao\LivroDestaqueDAO.java,tcc.legado.dao.LivroDestaqueDAO,mapResultSetToLivroDestaque/1[java.sql.ResultSet],fim,2
C:\desenvolvimento\tcc-legado\monolito-biblioteca\src\main\java\tcc\legado\action\UsuarioAction.java,tcc.legado.action.UsuarioAction,getUsuarioEJB/0,ctx,1
C:\desenvolvimento\tcc-legado\monolito-biblioteca\src\main\java\tcc\legado\action\UsuarioAction.java,tcc.legado.action.UsuarioAction,"listar/4[tcc.legado.action.ActionMapping,tcc.legado.action.ActionForm,tcc.legado.action.HttpServletRequest,tcc.legado.action.HttpServletResponse]",request,1
C:\desenvolvimento\tcc-legado\monolito-biblioteca\src\main\java\tcc\legado\action\UsuarioAction.java,tcc.legado.action.UsuarioAction,"listar/4[tcc.legado.action.ActionMapping,tcc.legado.action.ActionForm,tcc.legado.action.HttpServletRequest,tcc.legado.action.HttpServletResponse]",mapping,1
C:\desenvolvimento\tcc-legado\monolito-biblioteca\src\main\java\tcc\legado\action\UsuarioAction.java,tcc.legado.action.UsuarioAction,"listar/4[tcc.legado.action.ActionMapping,tcc.legado.action.ActionForm,tcc.legado.action.HttpServletRequest,tcc.legado.action.HttpServletResponse]",form,0
C:\desenvolvimento\tcc-legado\monolito-biblioteca\src\main\java\tcc\legado\action\UsuarioAction.java,tcc.legado.action.UsuarioAction,"listar/4[tcc.legado.action.ActionMapping,tcc.legado.action.ActionForm,tcc.legado.action.HttpServletRequest,tcc.legado.action.HttpServletResponse]",response,0
C:\desenvolvimento\tcc-legado\monolito-biblioteca\src\main\java\tcc\legado\action\UsuarioAction.java,tcc.legado.action.UsuarioAction,"listar/4[tcc.legado.action.ActionMapping,tcc.legado.action.ActionForm,tcc.legado.action.HttpServletRequest,tcc.legado.action.HttpServletResponse]",ejb,1
C:\desenvolvimento\tcc-legado\monolito-biblioteca\src\main\java\tcc\legado\action\UsuarioAction.java,tcc.legado.action.UsuarioAction,"listar/4[tcc.legado.action.ActionMapping,tcc.legado.action.ActionForm,tcc.legado.action.HttpServletRequest,tcc.legado.action.HttpServletResponse]",usuarios,1
C:\desenvolvimento\tcc-legado\monolito-biblioteca\src\main\java\tcc\legado\action\UsuarioAction.java,tcc.legado.action.UsuarioAction,"salvar/4[tcc.legado.action.ActionMapping,tcc.legado.action.ActionForm,tcc.legado.action.HttpServletRequest,tcc.legado.action.HttpServletResponse]",idStr,3
C:\desenvolvimento\tcc-legado\monolito-biblioteca\src\main\java\tcc\legado\action\UsuarioAction.java,tcc.legado.action.UsuarioAction,"salvar/4[tcc.legado.action.ActionMapping,tcc.legado.action.ActionForm,tcc.legado.action.HttpServletRequest,tcc.legado.action.HttpServletResponse]",request,10
C:\desenvolvimento\tcc-legado\monolito-biblioteca\src\main\java\tcc\legado\action\UsuarioAction.java,tcc.legado.action.UsuarioAction,"salvar/4[tcc.legado.action.ActionMapping,tcc.legado.action.ActionForm,tcc.legado.action.HttpServletRequest,tcc.legado.action.HttpServletResponse]",mapping,2
C:\desenvolvimento\tcc-legado\monolito-biblioteca\src\main\java\tcc\legado\action\UsuarioAction.java,tcc.legado.action.UsuarioAction,"salvar/4[tcc.legado.action.ActionMapping,tcc.legado.action.ActionForm,tcc.legado.action.HttpServletRequest,tcc.legado.action.HttpServletResponse]",tipo,1
C:\desenvolvimento\tcc-legado\monolito-biblioteca\src\main\java\tcc\legado\action\UsuarioAction.java,tcc.legado.action.UsuarioAction,"salvar/4[tcc.legado.action.ActionMapping,tcc.legado.action.ActionForm,tcc.legado.action.HttpServletRequest,tcc.legado.action.HttpServletResponse]",form,1
C:\desenvolvimento\tcc-legado\monolito-biblioteca\src\main\java\tcc\legado\action\UsuarioAction.java,tcc.legado.action.UsuarioAction,"salvar/4[tcc.legado.action.ActionMapping,tcc.legado.action.ActionForm,tcc.legado.action.HttpServletRequest,tcc.legado.action.HttpServletResponse]",response,1
C:\desenvolvimento\tcc-legado\monolito-biblioteca\src\main\java\tcc\legado\action\UsuarioAction.java,tcc.legado.action.UsuarioAction,"salvar/4[tcc.legado.action.ActionMapping,tcc.legado.action.ActionForm,tcc.legado.action.HttpServletRequest,tcc.legado.action.HttpServletResponse]",matricula,1
C:\desenvolvimento\tcc-legado\monolito-biblioteca\src\main\java\tcc\legado\action\UsuarioAction.java,tcc.legado.action.UsuarioAction,"salvar/4[tcc.legado.action.ActionMapping,tcc.legado.action.ActionForm,tcc.legado.action.HttpServletRequest,tcc.legado.action.HttpServletResponse]",nome,1
C:\desenvolvimento\tcc-legado\monolito-biblioteca\src\main\java\tcc\legado\action\UsuarioAction.java,tcc.legado.action.UsuarioAction,"salvar/4[tcc.legado.action.ActionMapping,tcc.legado.action.ActionForm,tcc.legado.action.HttpServletRequest,tcc.legado.action.HttpServletResponse]",usuario,8
C:\desenvolvimento\tcc-legado\monolito-biblioteca\src\main\java\tcc\legado\action\UsuarioAction.java,tcc.legado.action.UsuarioAction,"salvar/4[tcc.legado.action.ActionMapping,tcc.legado.action.ActionForm,tcc.legado.action.HttpServletRequest,tcc.legado.action.HttpServletResponse]",ejb,2
C:\desenvolvimento\tcc-legado\monolito-biblioteca\src\main\java\tcc\legado\action\UsuarioAction.java,tcc.legado.action.UsuarioAction,"salvar/4[tcc.legado.action.ActionMapping,tcc.legado.action.ActionForm,tcc.legado.action.HttpServletRequest,tcc.legado.action.HttpServletResponse]",email,1
C:\desenvolvimento\tcc-legado\monolito-biblioteca\src\main\java\tcc\legado\action\UsuarioAction.java,tcc.legado.action.UsuarioAction,checarAutenticacao/1[tcc.legado.action.HttpServletRequest],request,1
C:\desenvolvimento\tcc-legado\monolito-biblioteca\src\main\java\tcc\legado\action\UsuarioAction.java,tcc.legado.action.UsuarioAction,checarAutenticacao/1[tcc.legado.action.HttpServletRequest],session,1
C:\desenvolvimento\tcc-legado\monolito-biblioteca\src\main\java\tcc\legado\action\UsuarioAction.java,tcc.legado.action.UsuarioAction,checarAutenticacao/1[tcc.legado.action.HttpServletRequest],perfil,1
C:\desenvolvimento\tcc-legado\monolito-biblioteca\src\main\java\tcc\legado\action\UsuarioAction.java,tcc.legado.action.UsuarioAction,"novo/4[tcc.legado.action.ActionMapping,tcc.legado.action.ActionForm,tcc.legado.action.HttpServletRequest,tcc.legado.action.HttpServletResponse]",request,0
C:\desenvolvimento\tcc-legado\monolito-biblioteca\src\main\java\tcc\legado\action\UsuarioAction.java,tcc.legado.action.UsuarioAction,"novo/4[tcc.legado.action.ActionMapping,tcc.legado.action.ActionForm,tcc.legado.action.HttpServletRequest,tcc.legado.action.HttpServletResponse]",mapping,1
C:\desenvolvimento\tcc-legado\monolito-biblioteca\src\main\java\tcc\legado\action\UsuarioAction.java,tcc.legado.action.UsuarioAction,"novo/4[tcc.legado.action.ActionMapping,tcc.legado.action.ActionForm,tcc.legado.action.HttpServletRequest,tcc.legado.action.HttpServletResponse]",form,0
C:\desenvolvimento\tcc-legado\monolito-biblioteca\src\main\java\tcc\legado\action\UsuarioAction.java,tcc.legado.action.UsuarioAction,"novo/4[tcc.legado.action.ActionMapping,tcc.legado.action.ActionForm,tcc.legado.action.HttpServletRequest,tcc.legado.action.HttpServletResponse]",response,0
C:\desenvolvimento\tcc-legado\monolito-biblioteca\src\main\java\tcc\legado\action\UsuarioAction.java,tcc.legado.action.UsuarioAction,"excluir/4[tcc.legado.action.ActionMapping,tcc.legado.action.ActionForm,tcc.legado.action.HttpServletRequest,tcc.legado.action.HttpServletResponse]",idStr,2
C:\desenvolvimento\tcc-legado\monolito-biblioteca\src\main\java\tcc\legado\action\UsuarioAction.java,tcc.legado.action.UsuarioAction,"excluir/4[tcc.legado.action.ActionMapping,tcc.legado.action.ActionForm,tcc.legado.action.HttpServletRequest,tcc.legado.action.HttpServletResponse]",request,6
C:\desenvolvimento\tcc-legado\monolito-biblioteca\src\main\java\tcc\legado\action\UsuarioAction.java,tcc.legado.action.UsuarioAction,"excluir/4[tcc.legado.action.ActionMapping,tcc.legado.action.ActionForm,tcc.legado.action.HttpServletRequest,tcc.legado.action.HttpServletResponse]",mapping,3
C:\desenvolvimento\tcc-legado\monolito-biblioteca\src\main\java\tcc\legado\action\UsuarioAction.java,tcc.legado.action.UsuarioAction,"excluir/4[tcc.legado.action.ActionMapping,tcc.legado.action.ActionForm,tcc.legado.action.HttpServletRequest,tcc.legado.action.HttpServletResponse]",form,1
C:\desenvolvimento\tcc-legado\monolito-biblioteca\src\main\java\tcc\legado\action\UsuarioAction.java,tcc.legado.action.UsuarioAction,"excluir/4[tcc.legado.action.ActionMapping,tcc.legado.action.ActionForm,tcc.legado.action.HttpServletRequest,tcc.legado.action.HttpServletResponse]",response,1
C:\desenvolvimento\tcc-legado\monolito-biblioteca\src\main\java\tcc\legado\action\UsuarioAction.java,tcc.legado.action.UsuarioAction,"excluir/4[tcc.legado.action.ActionMapping,tcc.legado.action.ActionForm,tcc.legado.action.HttpServletRequest,tcc.legado.action.HttpServletResponse]",id,1
C:\desenvolvimento\tcc-legado\monolito-biblioteca\src\main\java\tcc\legado\action\UsuarioAction.java,tcc.legado.action.UsuarioAction,"excluir/4[tcc.legado.action.ActionMapping,tcc.legado.action.ActionForm,tcc.legado.action.HttpServletRequest,tcc.legado.action.HttpServletResponse]",ejb,1
C:\desenvolvimento\tcc-legado\monolito-biblioteca\src\main\java\tcc\legado\action\UsuarioAction.java,tcc.legado.action.UsuarioAction,"buscarPorMatricula/4[tcc.legado.action.ActionMapping,tcc.legado.action.ActionForm,tcc.legado.action.HttpServletRequest,tcc.legado.action.HttpServletResponse]",request,1
C:\desenvolvimento\tcc-legado\monolito-biblioteca\src\main\java\tcc\legado\action\UsuarioAction.java,tcc.legado.action.UsuarioAction,"buscarPorMatricula/4[tcc.legado.action.ActionMapping,tcc.legado.action.ActionForm,tcc.legado.action.HttpServletRequest,tcc.legado.action.HttpServletResponse]",mapping,0
C:\desenvolvimento\tcc-legado\monolito-biblioteca\src\main\java\tcc\legado\action\UsuarioAction.java,tcc.legado.action.UsuarioAction,"buscarPorMatricula/4[tcc.legado.action.ActionMapping,tcc.legado.action.ActionForm,tcc.legado.action.HttpServletRequest,tcc.legado.action.HttpServletResponse]",form,0
C:\desenvolvimento\tcc-legado\monolito-biblioteca\src\main\java\tcc\legado\action\UsuarioAction.java,tcc.legado.action.UsuarioAction,"buscarPorMatricula/4[tcc.legado.action.ActionMapping,tcc.legado.action.ActionForm,tcc.legado.action.HttpServletRequest,tcc.legado.action.HttpServletResponse]",response,3
C:\desenvolvimento\tcc-legado\monolito-biblioteca\src\main\java\tcc\legado\action\UsuarioAction.java,tcc.legado.action.UsuarioAction,"buscarPorMatricula/4[tcc.legado.action.ActionMapping,tcc.legado.action.ActionForm,tcc.legado.action.HttpServletRequest,tcc.legado.action.HttpServletResponse]",matricula,3
C:\desenvolvimento\tcc-legado\monolito-biblioteca\src\main\java\tcc\legado\action\UsuarioAction.java,tcc.legado.action.UsuarioAction,"buscarPorMatricula/4[tcc.legado.action.ActionMapping,tcc.legado.action.ActionForm,tcc.legado.action.HttpServletRequest,tcc.legado.action.HttpServletResponse]",usuario,5
C:\desenvolvimento\tcc-legado\monolito-biblioteca\src\main\java\tcc\legado\action\UsuarioAction.java,tcc.legado.action.UsuarioAction,"buscarPorMatricula/4[tcc.legado.action.ActionMapping,tcc.legado.action.ActionForm,tcc.legado.action.HttpServletRequest,tcc.legado.action.HttpServletResponse]",out,2
C:\desenvolvimento\tcc-legado\monolito-biblioteca\src\main\java\tcc\legado\action\UsuarioAction.java,tcc.legado.action.UsuarioAction,"editar/4[tcc.legado.action.ActionMapping,tcc.legado.action.ActionForm,tcc.legado.action.HttpServletRequest,tcc.legado.action.HttpServletResponse]",idStr,2
C:\desenvolvimento\tcc-legado\monolito-biblioteca\src\main\java\tcc\legado\action\UsuarioAction.java,tcc.legado.action.UsuarioAction,"editar/4[tcc.legado.action.ActionMapping,tcc.legado.action.ActionForm,tcc.legado.action.HttpServletRequest,tcc.legado.action.HttpServletResponse]",request,5
C:\desenvolvimento\tcc-legado\monolito-biblioteca\src\main\java\tcc\legado\action\UsuarioAction.java,tcc.legado.action.UsuarioAction,"editar/4[tcc.legado.action.ActionMapping,tcc.legado.action.ActionForm,tcc.legado.action.HttpServletRequest,tcc.legado.action.HttpServletResponse]",mapping,3
C:\desenvolvimento\tcc-legado\monolito-biblioteca\src\main\java\tcc\legado\action\UsuarioAction.java,tcc.legado.action.UsuarioAction,"editar/4[tcc.legado.action.ActionMapping,tcc.legado.action.ActionForm,tcc.legado.action.HttpServletRequest,tcc.legado.action.HttpServletResponse]",form,0
C:\desenvolvimento\tcc-legado\monolito-biblioteca\src\main\java\tcc\legado\action\UsuarioAction.java,tcc.legado.action.UsuarioAction,"editar/4[tcc.legado.action.ActionMapping,tcc.legado.action.ActionForm,tcc.legado.action.HttpServletRequest,tcc.legado.action.HttpServletResponse]",response,0
C:\desenvolvimento\tcc-legado\monolito-biblioteca\src\main\java\tcc\legado\action\UsuarioAction.java,tcc.legado.action.UsuarioAction,"editar/4[tcc.legado.action.ActionMapping,tcc.legado.action.ActionForm,tcc.legado.action.HttpServletRequest,tcc.legado.action.HttpServletResponse]",usuario,1
C:\desenvolvimento\tcc-legado\monolito-biblioteca\src\main\java\tcc\legado\action\UsuarioAction.java,tcc.legado.action.UsuarioAction,"editar/4[tcc.legado.action.ActionMapping,tcc.legado.action.ActionForm,tcc.legado.action.HttpServletRequest,tcc.legado.action.HttpServletResponse]",id,1
C:\desenvolvimento\tcc-legado\monolito-biblioteca\src\main\java\tcc\legado\action\UsuarioAction.java,tcc.legado.action.UsuarioAction,"editar/4[tcc.legado.action.ActionMapping,tcc.legado.action.ActionForm,tcc.legado.action.HttpServletRequest,tcc.legado.action.HttpServletResponse]",ejb,1
C:\desenvolvimento\tcc-legado\monolito-biblioteca\src\main\java\tcc\legado\action\UsuarioAction.java,tcc.legado.action.UsuarioAction,"voltar/4[tcc.legado.action.ActionMapping,tcc.legado.action.ActionForm,tcc.legado.action.HttpServletRequest,tcc.legado.action.HttpServletResponse]",request,0
C:\desenvolvimento\tcc-legado\monolito-biblioteca\src\main\java\tcc\legado\action\UsuarioAction.java,tcc.legado.action.UsuarioAction,"voltar/4[tcc.legado.action.ActionMapping,tcc.legado.action.ActionForm,tcc.legado.action.HttpServletRequest,tcc.legado.action.HttpServletResponse]",mapping,1
C:\desenvolvimento\tcc-legado\monolito-biblioteca\src\main\java\tcc\legado\action\UsuarioAction.java,tcc.legado.action.UsuarioAction,"voltar/4[tcc.legado.action.ActionMapping,tcc.legado.action.ActionForm,tcc.legado.action.HttpServletRequest,tcc.legado.action.HttpServletResponse]",form,0
C:\desenvolvimento\tcc-legado\monolito-biblioteca\src\main\java\tcc\legado\action\UsuarioAction.java,tcc.legado.action.UsuarioAction,"voltar/4[tcc.legado.action.ActionMapping,tcc.legado.action.ActionForm,tcc.legado.action.HttpServletRequest,tcc.legado.action.HttpServletResponse]",response,0
C:\desenvolvimento\tcc-legado\monolito-biblioteca\src\main\java\tcc\legado\ejb\emprestimo\IEmprestimoEJB.java,tcc.legado.ejb.emprestimo.IEmprestimoEJB,"criarEmprestimo/2[java.lang.Long,java.lang.String]",idLivro,0
C:\desenvolvimento\tcc-legado\monolito-biblioteca\src\main\java\tcc\legado\ejb\emprestimo\IEmprestimoEJB.java,tcc.legado.ejb.emprestimo.IEmprestimoEJB,"criarEmprestimo/2[java.lang.Long,java.lang.String]",matricula,0
C:\desenvolvimento\tcc-legado\monolito-biblioteca\src\main\java\tcc\legado\ejb\emprestimo\IEmprestimoEJB.java,tcc.legado.ejb.emprestimo.IEmprestimoEJB,registrarDevolucao/1[java.lang.Long],idEmprestimo,0
C:\desenvolvimento\tcc-legado\monolito-biblioteca\src\main\java\tcc\legado\ejb\emprestimo\IEmprestimoEJB.java,tcc.legado.ejb.emprestimo.IEmprestimoEJB,buscarPorId/1[java.lang.Long],id,0
C:\desenvolvimento\tcc-legado\monolito-biblioteca\src\main\java\tcc\legado\servlet\HealthCheckServlet.java,tcc.legado.servlet.HealthCheckServlet,"doGet/2[tcc.legado.servlet.HttpServletRequest,tcc.legado.servlet.HttpServletResponse]",resp,2
C:\desenvolvimento\tcc-legado\monolito-biblioteca\src\main\java\tcc\legado\servlet\HealthCheckServlet.java,tcc.legado.servlet.HealthCheckServlet,"doGet/2[tcc.legado.servlet.HttpServletRequest,tcc.legado.servlet.HttpServletResponse]",req,0
C:\desenvolvimento\tcc-legado\monolito-biblioteca\src\main\java\tcc\legado\action\AuthAction.java,tcc.legado.action.AuthAction,"logout/4[tcc.legado.action.ActionMapping,tcc.legado.action.ActionForm,tcc.legado.action.HttpServletRequest,tcc.legado.action.HttpServletResponse]",request,1
C:\desenvolvimento\tcc-legado\monolito-biblioteca\src\main\java\tcc\legado\action\AuthAction.java,tcc.legado.action.AuthAction,"logout/4[tcc.legado.action.ActionMapping,tcc.legado.action.ActionForm,tcc.legado.action.HttpServletRequest,tcc.legado.action.HttpServletResponse]",mapping,1
C:\desenvolvimento\tcc-legado\monolito-biblioteca\src\main\java\tcc\legado\action\AuthAction.java,tcc.legado.action.AuthAction,"logout/4[tcc.legado.action.ActionMapping,tcc.legado.action.ActionForm,tcc.legado.action.HttpServletRequest,tcc.legado.action.HttpServletResponse]",form,0
C:\desenvolvimento\tcc-legado\monolito-biblioteca\src\main\java\tcc\legado\action\AuthAction.java,tcc.legado.action.AuthAction,"logout/4[tcc.legado.action.ActionMapping,tcc.legado.action.ActionForm,tcc.legado.action.HttpServletRequest,tcc.legado.action.HttpServletResponse]",response,0
C:\desenvolvimento\tcc-legado\monolito-biblioteca\src\main\java\tcc\legado\action\AuthAction.java,tcc.legado.action.AuthAction,"logout/4[tcc.legado.action.ActionMapping,tcc.legado.action.ActionForm,tcc.legado.action.HttpServletRequest,tcc.legado.action.HttpServletResponse]",session,2
C:\desenvolvimento\tcc-legado\monolito-biblioteca\src\main\java\tcc\legado\action\AuthAction.java,tcc.legado.action.AuthAction,"login/4[tcc.legado.action.ActionMapping,tcc.legado.action.ActionForm,tcc.legado.action.HttpServletRequest,tcc.legado.action.HttpServletResponse]",request,5
C:\desenvolvimento\tcc-legado\monolito-biblioteca\src\main\java\tcc\legado\action\AuthAction.java,tcc.legado.action.AuthAction,"login/4[tcc.legado.action.ActionMapping,tcc.legado.action.ActionForm,tcc.legado.action.HttpServletRequest,tcc.legado.action.HttpServletResponse]",senha,1
C:\desenvolvimento\tcc-legado\monolito-biblioteca\src\main\java\tcc\legado\action\AuthAction.java,tcc.legado.action.AuthAction,"login/4[tcc.legado.action.ActionMapping,tcc.legado.action.ActionForm,tcc.legado.action.HttpServletRequest,tcc.legado.action.HttpServletResponse]",mapping,3
C:\desenvolvimento\tcc-legado\monolito-biblioteca\src\main\java\tcc\legado\action\AuthAction.java,tcc.legado.action.AuthAction,"login/4[tcc.legado.action.ActionMapping,tcc.legado.action.ActionForm,tcc.legado.action.HttpServletRequest,tcc.legado.action.HttpServletResponse]",authEJB,1
C:\desenvolvimento\tcc-legado\monolito-biblioteca\src\main\java\tcc\legado\action\AuthAction.java,tcc.legado.action.AuthAction,"login/4[tcc.legado.action.ActionMapping,tcc.legado.action.ActionForm,tcc.legado.action.HttpServletRequest,tcc.legado.action.HttpServletResponse]",form,0
C:\desenvolvimento\tcc-legado\monolito-biblioteca\src\main\java\tcc\legado\action\AuthAction.java,tcc.legado.action.AuthAction,"login/4[tcc.legado.action.ActionMapping,tcc.legado.action.ActionForm,tcc.legado.action.HttpServletRequest,tcc.legado.action.HttpServletResponse]",response,0
C:\desenvolvimento\tcc-legado\monolito-biblioteca\src\main\java\tcc\legado\action\AuthAction.java,tcc.legado.action.AuthAction,"login/4[tcc.legado.action.ActionMapping,tcc.legado.action.ActionForm,tcc.legado.action.HttpServletRequest,tcc.legado.action.HttpServletResponse]",ctx,1
C:\desenvolvimento\tcc-legado\monolito-biblioteca\src\main\java\tcc\legado\action\AuthAction.java,tcc.legado.action.AuthAction,"login/4[tcc.legado.action.ActionMapping,tcc.legado.action.ActionForm,tcc.legado.action.HttpServletRequest,tcc.legado.action.HttpServletResponse]",session,2
C:\desenvolvimento\tcc-legado\monolito-biblioteca\src\main\java\tcc\legado\action\AuthAction.java,tcc.legado.action.AuthAction,"login/4[tcc.legado.action.ActionMapping,tcc.legado.action.ActionForm,tcc.legado.action.HttpServletRequest,tcc.legado.action.HttpServletResponse]",matricula,3
C:\desenvolvimento\tcc-legado\monolito-biblioteca\src\main\java\tcc\legado\action\AuthAction.java,tcc.legado.action.AuthAction,"login/4[tcc.legado.action.ActionMapping,tcc.legado.action.ActionForm,tcc.legado.action.HttpServletRequest,tcc.legado.action.HttpServletResponse]",usuario,3
C:\desenvolvimento\tcc-legado\monolito-biblioteca\src\main\java\tcc\legado\action\LivroDestaqueAction.java,tcc.legado.action.LivroDestaqueAction,"novo/4[tcc.legado.action.ActionMapping,tcc.legado.action.ActionForm,tcc.legado.action.HttpServletRequest,tcc.legado.action.HttpServletResponse]",request,0
C:\desenvolvimento\tcc-legado\monolito-biblioteca\src\main\java\tcc\legado\action\LivroDestaqueAction.java,tcc.legado.action.LivroDestaqueAction,"novo/4[tcc.legado.action.ActionMapping,tcc.legado.action.ActionForm,tcc.legado.action.HttpServletRequest,tcc.legado.action.HttpServletResponse]",mapping,1
C:\desenvolvimento\tcc-legado\monolito-biblioteca\src\main\java\tcc\legado\action\LivroDestaqueAction.java,tcc.legado.action.LivroDestaqueAction,"novo/4[tcc.legado.action.ActionMapping,tcc.legado.action.ActionForm,tcc.legado.action.HttpServletRequest,tcc.legado.action.HttpServletResponse]",form,0
C:\desenvolvimento\tcc-legado\monolito-biblioteca\src\main\java\tcc\legado\action\LivroDestaqueAction.java,tcc.legado.action.LivroDestaqueAction,"novo/4[tcc.legado.action.ActionMapping,tcc.legado.action.ActionForm,tcc.legado.action.HttpServletRequest,tcc.legado.action.HttpServletResponse]",response,0
C:\desenvolvimento\tcc-legado\monolito-biblioteca\src\main\java\tcc\legado\action\LivroDestaqueAction.java,tcc.legado.action.LivroDestaqueAction,"excluir/4[tcc.legado.action.ActionMapping,tcc.legado.action.ActionForm,tcc.legado.action.HttpServletRequest,tcc.legado.action.HttpServletResponse]",idStr,2
C:\desenvolvimento\tcc-legado\monolito-biblioteca\src\main\java\tcc\legado\action\LivroDestaqueAction.java,tcc.legado.action.LivroDestaqueAction,"excluir/4[tcc.legado.action.ActionMapping,tcc.legado.action.ActionForm,tcc.legado.action.HttpServletRequest,tcc.legado.action.HttpServletResponse]",request,4
C:\desenvolvimento\tcc-legado\monolito-biblioteca\src\main\java\tcc\legado\action\LivroDestaqueAction.java,tcc.legado.action.LivroDestaqueAction,"excluir/4[tcc.legado.action.ActionMapping,tcc.legado.action.ActionForm,tcc.legado.action.HttpServletRequest,tcc.legado.action.HttpServletResponse]",mapping,2
C:\desenvolvimento\tcc-legado\monolito-biblioteca\src\main\java\tcc\legado\action\LivroDestaqueAction.java,tcc.legado.action.LivroDestaqueAction,"excluir/4[tcc.legado.action.ActionMapping,tcc.legado.action.ActionForm,tcc.legado.action.HttpServletRequest,tcc.legado.action.HttpServletResponse]",form,1
C:\desenvolvimento\tcc-legado\monolito-biblioteca\src\main\java\tcc\legado\action\LivroDestaqueAction.java,tcc.legado.action.LivroDestaqueAction,"excluir/4[tcc.legado.action.ActionMapping,tcc.legado.action.ActionForm,tcc.legado.action.HttpServletRequest,tcc.legado.action.HttpServletResponse]",response,1
C:\desenvolvimento\tcc-legado\monolito-biblioteca\src\main\java\tcc\legado\action\LivroDestaqueAction.java,tcc.legado.action.LivroDestaqueAction,"excluir/4[tcc.legado.action.ActionMapping,tcc.legado.action.ActionForm,tcc.legado.action.HttpServletRequest,tcc.legado.action.HttpServletResponse]",id,1
C:\desenvolvimento\tcc-legado\monolito-biblioteca\src\main\java\tcc\legado\action\LivroDestaqueAction.java,tcc.legado.action.LivroDestaqueAction,"visualizar/4[tcc.legado.action.ActionMapping,tcc.legado.action.ActionForm,tcc.legado.action.HttpServletRequest,tcc.legado.action.HttpServletResponse]",idStr,3
C:\desenvolvimento\tcc-legado\monolito-biblioteca\src\main\java\tcc\legado\action\LivroDestaqueAction.java,tcc.legado.action.LivroDestaqueAction,"visualizar/4[tcc.legado.action.ActionMapping,tcc.legado.action.ActionForm,tcc.legado.action.HttpServletRequest,tcc.legado.action.HttpServletResponse]",request,4
C:\desenvolvimento\tcc-legado\monolito-biblioteca\src\main\java\tcc\legado\action\LivroDestaqueAction.java,tcc.legado.action.LivroDestaqueAction,"visualizar/4[tcc.legado.action.ActionMapping,tcc.legado.action.ActionForm,tcc.legado.action.HttpServletRequest,tcc.legado.action.HttpServletResponse]",mapping,3
C:\desenvolvimento\tcc-legado\monolito-biblioteca\src\main\java\tcc\legado\action\LivroDestaqueAction.java,tcc.legado.action.LivroDestaqueAction,"visualizar/4[tcc.legado.action.ActionMapping,tcc.legado.action.ActionForm,tcc.legado.action.HttpServletRequest,tcc.legado.action.HttpServletResponse]",form,0
C:\desenvolvimento\tcc-legado\monolito-biblioteca\src\main\java\tcc\legado\action\LivroDestaqueAction.java,tcc.legado.action.LivroDestaqueAction,"visualizar/4[tcc.legado.action.ActionMapping,tcc.legado.action.ActionForm,tcc.legado.action.HttpServletRequest,tcc.legado.action.HttpServletResponse]",response,0
C:\desenvolvimento\tcc-legado\monolito-biblioteca\src\main\java\tcc\legado\action\LivroDestaqueAction.java,tcc.legado.action.LivroDestaqueAction,"visualizar/4[tcc.legado.action.ActionMapping,tcc.legado.action.ActionForm,tcc.legado.action.HttpServletRequest,tcc.legado.action.HttpServletResponse]",destaque,2
C:\desenvolvimento\tcc-legado\monolito-biblioteca\src\main\java\tcc\legado\action\LivroDestaqueAction.java,tcc.legado.action.LivroDestaqueAction,"visualizar/4[tcc.legado.action.ActionMapping,tcc.legado.action.ActionForm,tcc.legado.action.HttpServletRequest,tcc.legado.action.HttpServletResponse]",id,2
C:\desenvolvimento\tcc-legado\monolito-biblioteca\src\main\java\tcc\legado\action\LivroDestaqueAction.java,tcc.legado.action.LivroDestaqueAction,"salvar/4[tcc.legado.action.ActionMapping,tcc.legado.action.ActionForm,tcc.legado.action.HttpServletRequest,tcc.legado.action.HttpServletResponse]",idStr,3
C:\desenvolvimento\tcc-legado\monolito-biblioteca\src\main\java\tcc\legado\action\LivroDestaqueAction.java,tcc.legado.action.LivroDestaqueAction,"salvar/4[tcc.legado.action.ActionMapping,tcc.legado.action.ActionForm,tcc.legado.action.HttpServletRequest,tcc.legado.action.HttpServletResponse]",request,14
C:\desenvolvimento\tcc-legado\monolito-biblioteca\src\main\java\tcc\legado\action\LivroDestaqueAction.java,tcc.legado.action.LivroDestaqueAction,"salvar/4[tcc.legado.action.ActionMapping,tcc.legado.action.ActionForm,tcc.legado.action.HttpServletRequest,tcc.legado.action.HttpServletResponse]",dataFimStr,3
C:\desenvolvimento\tcc-legado\monolito-biblioteca\src\main\java\tcc\legado\action\LivroDestaqueAction.java,tcc.legado.action.LivroDestaqueAction,"salvar/4[tcc.legado.action.ActionMapping,tcc.legado.action.ActionForm,tcc.legado.action.HttpServletRequest,tcc.legado.action.HttpServletResponse]",mapping,3
C:\desenvolvimento\tcc-legado\monolito-biblioteca\src\main\java\tcc\legado\action\LivroDestaqueAction.java,tcc.legado.action.LivroDestaqueAction,"salvar/4[tcc.legado.action.ActionMapping,tcc.legado.action.ActionForm,tcc.legado.action.HttpServletRequest,tcc.legado.action.HttpServletResponse]",descontoStr,3
C:\desenvolvimento\tcc-legado\monolito-biblioteca\src\main\java\tcc\legado\action\LivroDestaqueAction.java,tcc.legado.action.LivroDestaqueAction,"salvar/4[tcc.legado.action.ActionMapping,tcc.legado.action.ActionForm,tcc.legado.action.HttpServletRequest,tcc.legado.action.HttpServletResponse]",ativoStr,2
C:\desenvolvimento\tcc-legado\monolito-biblioteca\src\main\java\tcc\legado\action\LivroDestaqueAction.java,tcc.legado.action.LivroDestaqueAction,"salvar/4[tcc.legado.action.ActionMapping,tcc.legado.action.ActionForm,tcc.legado.action.HttpServletRequest,tcc.legado.action.HttpServletResponse]",categoria,1
C:\desenvolvimento\tcc-legado\monolito-biblioteca\src\main\java\tcc\legado\action\LivroDestaqueAction.java,tcc.legado.action.LivroDestaqueAction,"salvar/4[tcc.legado.action.ActionMapping,tcc.legado.action.ActionForm,tcc.legado.action.HttpServletRequest,tcc.legado.action.HttpServletResponse]",titulo,3
C:\desenvolvimento\tcc-legado\monolito-biblioteca\src\main\java\tcc\legado\action\LivroDestaqueAction.java,tcc.legado.action.LivroDestaqueAction,"salvar/4[tcc.legado.action.ActionMapping,tcc.legado.action.ActionForm,tcc.legado.action.HttpServletRequest,tcc.legado.action.HttpServletResponse]",idLivroStr,3
C:\desenvolvimento\tcc-legado\monolito-biblioteca\src\main\java\tcc\legado\action\LivroDestaqueAction.java,tcc.legado.action.LivroDestaqueAction,"salvar/4[tcc.legado.action.ActionMapping,tcc.legado.action.ActionForm,tcc.legado.action.HttpServletRequest,tcc.legado.action.HttpServletResponse]",descricao,1
C:\desenvolvimento\tcc-legado\monolito-biblioteca\src\main\java\tcc\legado\action\LivroDestaqueAction.java,tcc.legado.action.LivroDestaqueAction,"salvar/4[tcc.legado.action.ActionMapping,tcc.legado.action.ActionForm,tcc.legado.action.HttpServletRequest,tcc.legado.action.HttpServletResponse]",dataInicioStr,3
C:\desenvolvimento\tcc-legado\monolito-biblioteca\src\main\java\tcc\legado\action\LivroDestaqueAction.java,tcc.legado.action.LivroDestaqueAction,"salvar/4[tcc.legado.action.ActionMapping,tcc.legado.action.ActionForm,tcc.legado.action.HttpServletRequest,tcc.legado.action.HttpServletResponse]",form,1
C:\desenvolvimento\tcc-legado\monolito-biblioteca\src\main\java\tcc\legado\action\LivroDestaqueAction.java,tcc.legado.action.LivroDestaqueAction,"salvar/4[tcc.legado.action.ActionMapping,tcc.legado.action.ActionForm,tcc.legado.action.HttpServletRequest,tcc.legado.action.HttpServletResponse]",sdf,2
C:\desenvolvimento\tcc-legado\monolito-biblioteca\src\main\java\tcc\legado\action\LivroDestaqueAction.java,tcc.legado.action.LivroDestaqueAction,"salvar/4[tcc.legado.action.ActionMapping,tcc.legado.action.ActionForm,tcc.legado.action.HttpServletRequest,tcc.legado.action.HttpServletResponse]",response,1
C:\desenvolvimento\tcc-legado\monolito-biblioteca\src\main\java\tcc\legado\action\LivroDestaqueAction.java,tcc.legado.action.LivroDestaqueAction,"salvar/4[tcc.legado.action.ActionMapping,tcc.legado.action.ActionForm,tcc.legado.action.HttpServletRequest,tcc.legado.action.HttpServletResponse]",livroDestaque,12
C:\desenvolvimento\tcc-legado\monolito-biblioteca\src\main\java\tcc\legado\action\LivroDestaqueAction.java,tcc.legado.action.LivroDestaqueAction,"voltar/4[tcc.legado.action.ActionMapping,tcc.legado.action.ActionForm,tcc.legado.action.HttpServletRequest,tcc.legado.action.HttpServletResponse]",request,0
C:\desenvolvimento\tcc-legado\monolito-biblioteca\src\main\java\tcc\legado\action\LivroDestaqueAction.java,tcc.legado.action.LivroDestaqueAction,"voltar/4[tcc.legado.action.ActionMapping,tcc.legado.action.ActionForm,tcc.legado.action.HttpServletRequest,tcc.legado.action.HttpServletResponse]",mapping,1
C:\desenvolvimento\tcc-legado\monolito-biblioteca\src\main\java\tcc\legado\action\LivroDestaqueAction.java,tcc.legado.action.LivroDestaqueAction,"voltar/4[tcc.legado.action.ActionMapping,tcc.legado.action.ActionForm,tcc.legado.action.HttpServletRequest,tcc.legado.action.HttpServletResponse]",form,0
C:\desenvolvimento\tcc-legado\monolito-biblioteca\src\main\java\tcc\legado\action\LivroDestaqueAction.java,tcc.legado.action.LivroDestaqueAction,"voltar/4[tcc.legado.action.ActionMapping,tcc.legado.action.ActionForm,tcc.legado.action.HttpServletRequest,tcc.legado.action.HttpServletResponse]",response,0
C:\desenvolvimento\tcc-legado\monolito-biblioteca\src\main\java\tcc\legado\action\LivroDestaqueAction.java,tcc.legado.action.LivroDestaqueAction,"listar/4[tcc.legado.action.ActionMapping,tcc.legado.action.ActionForm,tcc.legado.action.HttpServletRequest,tcc.legado.action.HttpServletResponse]",request,3
C:\desenvolvimento\tcc-legado\monolito-biblioteca\src\main\java\tcc\legado\action\LivroDestaqueAction.java,tcc.legado.action.LivroDestaqueAction,"listar/4[tcc.legado.action.ActionMapping,tcc.legado.action.ActionForm,tcc.legado.action.HttpServletRequest,tcc.legado.action.HttpServletResponse]",mapping,1
C:\desenvolvimento\tcc-legado\monolito-biblioteca\src\main\java\tcc\legado\action\LivroDestaqueAction.java,tcc.legado.action.LivroDestaqueAction,"listar/4[tcc.legado.action.ActionMapping,tcc.legado.action.ActionForm,tcc.legado.action.HttpServletRequest,tcc.legado.action.HttpServletResponse]",tipo,1
C:\desenvolvimento\tcc-legado\monolito-biblioteca\src\main\java\tcc\legado\action\LivroDestaqueAction.java,tcc.legado.action.LivroDestaqueAction,"listar/4[tcc.legado.action.ActionMapping,tcc.legado.action.ActionForm,tcc.legado.action.HttpServletRequest,tcc.legado.action.HttpServletResponse]",form,0
C:\desenvolvimento\tcc-legado\monolito-biblioteca\src\main\java\tcc\legado\action\LivroDestaqueAction.java,tcc.legado.action.LivroDestaqueAction,"listar/4[tcc.legado.action.ActionMapping,tcc.legado.action.ActionForm,tcc.legado.action.HttpServletRequest,tcc.legado.action.HttpServletResponse]",response,0
C:\desenvolvimento\tcc-legado\monolito-biblioteca\src\main\java\tcc\legado\action\LivroDestaqueAction.java,tcc.legado.action.LivroDestaqueAction,"listar/4[tcc.legado.action.ActionMapping,tcc.legado.action.ActionForm,tcc.legado.action.HttpServletRequest,tcc.legado.action.HttpServletResponse]",maisEmprestados,1
C:\desenvolvimento\tcc-legado\monolito-biblioteca\src\main\java\tcc\legado\action\LivroDestaqueAction.java,tcc.legado.action.LivroDestaqueAction,"listar/4[tcc.legado.action.ActionMapping,tcc.legado.action.ActionForm,tcc.legado.action.HttpServletRequest,tcc.legado.action.HttpServletResponse]",destaques,3
C:\desenvolvimento\tcc-legado\monolito-biblioteca\src\main\java\tcc\legado\action\LivroDestaqueAction.java,tcc.legado.action.LivroDestaqueAction,"editar/4[tcc.legado.action.ActionMapping,tcc.legado.action.ActionForm,tcc.legado.action.HttpServletRequest,tcc.legado.action.HttpServletResponse]",idStr,2
C:\desenvolvimento\tcc-legado\monolito-biblioteca\src\main\java\tcc\legado\action\LivroDestaqueAction.java,tcc.legado.action.LivroDestaqueAction,"editar/4[tcc.legado.action.ActionMapping,tcc.legado.action.ActionForm,tcc.legado.action.HttpServletRequest,tcc.legado.action.HttpServletResponse]",request,3
C:\desenvolvimento\tcc-legado\monolito-biblioteca\src\main\java\tcc\legado\action\LivroDestaqueAction.java,tcc.legado.action.LivroDestaqueAction,"editar/4[tcc.legado.action.ActionMapping,tcc.legado.action.ActionForm,tcc.legado.action.HttpServletRequest,tcc.legado.action.HttpServletResponse]",mapping,2
C:\desenvolvimento\tcc-legado\monolito-biblioteca\src\main\java\tcc\legado\action\LivroDestaqueAction.java,tcc.legado.action.LivroDestaqueAction,"editar/4[tcc.legado.action.ActionMapping,tcc.legado.action.ActionForm,tcc.legado.action.HttpServletRequest,tcc.legado.action.HttpServletResponse]",form,0
C:\desenvolvimento\tcc-legado\monolito-biblioteca\src\main\java\tcc\legado\action\LivroDestaqueAction.java,tcc.legado.action.LivroDestaqueAction,"editar/4[tcc.legado.action.ActionMapping,tcc.legado.action.ActionForm,tcc.legado.action.HttpServletRequest,tcc.legado.action.HttpServletResponse]",response,0
C:\desenvolvimento\tcc-legado\monolito-biblioteca\src\main\java\tcc\legado\action\LivroDestaqueAction.java,tcc.legado.action.LivroDestaqueAction,"editar/4[tcc.legado.action.ActionMapping,tcc.legado.action.ActionForm,tcc.legado.action.HttpServletRequest,tcc.legado.action.HttpServletResponse]",livroDestaque,1
C:\desenvolvimento\tcc-legado\monolito-biblioteca\src\main\java\tcc\legado\action\LivroDestaqueAction.java,tcc.legado.action.LivroDestaqueAction,"editar/4[tcc.legado.action.ActionMapping,tcc.legado.action.ActionForm,tcc.legado.action.HttpServletRequest,tcc.legado.action.HttpServletResponse]",id,1
C:\desenvolvimento\tcc-legado\monolito-biblioteca\src\main\java\tcc\legado\job\MultaDiariaJob.java,tcc.legado.job.MultaDiariaJob,execute/1[tcc.legado.job.JobExecutionContext],e,2
C:\desenvolvimento\tcc-legado\monolito-biblioteca\src\main\java\tcc\legado\job\MultaDiariaJob.java,tcc.legado.job.MultaDiariaJob,execute/1[tcc.legado.job.JobExecutionContext],ctx,1
C:\desenvolvimento\tcc-legado\monolito-biblioteca\src\main\java\tcc\legado\job\MultaDiariaJob.java,tcc.legado.job.MultaDiariaJob,execute/1[tcc.legado.job.JobExecutionContext],context,0
C:\desenvolvimento\tcc-legado\monolito-biblioteca\src\main\java\tcc\legado\job\MultaDiariaJob.java,tcc.legado.job.MultaDiariaJob,execute/1[tcc.legado.job.JobExecutionContext],emprestimoEJB,1
C:\desenvolvimento\tcc-legado\monolito-biblioteca\src\main\java\tcc\legado\dao\EmprestimoDAO.java,tcc.legado.dao.EmprestimoDAO,buscarPorId/1[java.lang.Long],rs,8
C:\desenvolvimento\tcc-legado\monolito-biblioteca\src\main\java\tcc\legado\dao\EmprestimoDAO.java,tcc.legado.dao.EmprestimoDAO,buscarPorId/1[java.lang.Long],conn,1
C:\desenvolvimento\tcc-legado\monolito-biblioteca\src\main\java\tcc\legado\dao\EmprestimoDAO.java,tcc.legado.dao.EmprestimoDAO,buscarPorId/1[java.lang.Long],ps,2
C:\desenvolvimento\tcc-legado\monolito-biblioteca\src\main\java\tcc\legado\dao\EmprestimoDAO.java,tcc.legado.dao.EmprestimoDAO,buscarPorId/1[java.lang.Long],ex,1
C:\desenvolvimento\tcc-legado\monolito-biblioteca\src\main\java\tcc\legado\dao\EmprestimoDAO.java,tcc.legado.dao.EmprestimoDAO,buscarPorId/1[java.lang.Long],e,8
C:\desenvolvimento\tcc-legado\monolito-biblioteca\src\main\java\tcc\legado\dao\EmprestimoDAO.java,tcc.legado.dao.EmprestimoDAO,buscarPorId/1[java.lang.Long],id,1
C:\desenvolvimento\tcc-legado\monolito-biblioteca\src\main\java\tcc\legado\dao\EmprestimoDAO.java,tcc.legado.dao.EmprestimoDAO,buscarPorId/1[java.lang.Long],sql,1
C:\desenvolvimento\tcc-legado\monolito-biblioteca\src\main\java\tcc\legado\dao\EmprestimoDAO.java,tcc.legado.dao.EmprestimoDAO,buscarAtrasados/0,rs,8
C:\desenvolvimento\tcc-legado\monolito-biblioteca\src\main\java\tcc\legado\dao\EmprestimoDAO.java,tcc.legado.dao.EmprestimoDAO,buscarAtrasados/0,conn,1
C:\desenvolvimento\tcc-legado\monolito-biblioteca\src\main\java\tcc\legado\dao\EmprestimoDAO.java,tcc.legado.dao.EmprestimoDAO,buscarAtrasados/0,ex,1
C:\desenvolvimento\tcc-legado\monolito-biblioteca\src\main\java\tcc\legado\dao\EmprestimoDAO.java,tcc.legado.dao.EmprestimoDAO,buscarAtrasados/0,e,8
C:\desenvolvimento\tcc-legado\monolito-biblioteca\src\main\java\tcc\legado\dao\EmprestimoDAO.java,tcc.legado.dao.EmprestimoDAO,buscarAtrasados/0,atrasados,2
C:\desenvolvimento\tcc-legado\monolito-biblioteca\src\main\java\tcc\legado\dao\EmprestimoDAO.java,tcc.legado.dao.EmprestimoDAO,buscarAtrasados/0,stmt,1
C:\desenvolvimento\tcc-legado\monolito-biblioteca\src\main\java\tcc\legado\dao\EmprestimoDAO.java,tcc.legado.dao.EmprestimoDAO,buscarAtrasados/0,sql,1
C:\desenvolvimento\tcc-legado\monolito-biblioteca\src\main\java\tcc\legado\dao\EmprestimoDAO.java,tcc.legado.dao.EmprestimoDAO,getConnection/0,e,1
C:\desenvolvimento\tcc-legado\monolito-biblioteca\src\main\java\tcc\legado\dao\EmprestimoDAO.java,tcc.legado.dao.EmprestimoDAO,salvar/1[tcc.legado.model.Emprestimo],rs,2
C:\desenvolvimento\tcc-legado\monolito-biblioteca\src\main\java\tcc\legado\dao\EmprestimoDAO.java,tcc.legado.dao.EmprestimoDAO,salvar/1[tcc.legado.model.Emprestimo],conn,1
C:\desenvolvimento\tcc-legado\monolito-biblioteca\src\main\java\tcc\legado\dao\EmprestimoDAO.java,tcc.legado.dao.EmprestimoDAO,salvar/1[tcc.legado.model.Emprestimo],ps,7
C:\desenvolvimento\tcc-legado\monolito-biblioteca\src\main\java\tcc\legado\dao\EmprestimoDAO.java,tcc.legado.dao.EmprestimoDAO,salvar/1[tcc.legado.model.Emprestimo],emprestimo,7
C:\desenvolvimento\tcc-legado\monolito-biblioteca\src\main\java\tcc\legado\dao\EmprestimoDAO.java,tcc.legado.dao.EmprestimoDAO,salvar/1[tcc.legado.model.Emprestimo],e,1
C:\desenvolvimento\tcc-legado\monolito-biblioteca\src\main\java\tcc\legado\dao\EmprestimoDAO.java,tcc.legado.dao.EmprestimoDAO,salvar/1[tcc.legado.model.Emprestimo],sql,3
C:\desenvolvimento\tcc-legado\monolito-biblioteca\src\main\java\tcc\legado\dao\EmprestimoDAO.java,tcc.legado.dao.EmprestimoDAO,"atualizarDevolucao/3[java.lang.Long,java.util.Date,double]",conn,1
C:\desenvolvimento\tcc-legado\monolito-biblioteca\src\main\java\tcc\legado\dao\EmprestimoDAO.java,tcc.legado.dao.EmprestimoDAO,"atualizarDevolucao/3[java.lang.Long,java.util.Date,double]",ps,4
C:\desenvolvimento\tcc-legado\monolito-biblioteca\src\main\java\tcc\legado\dao\EmprestimoDAO.java,tcc.legado.dao.EmprestimoDAO,"atualizarDevolucao/3[java.lang.Long,java.util.Date,double]",idEmprestimo,1
C:\desenvolvimento\tcc-legado\monolito-biblioteca\src\main\java\tcc\legado\dao\EmprestimoDAO.java,tcc.legado.dao.EmprestimoDAO,"atualizarDevolucao/3[java.lang.Long,java.util.Date,double]",e,1
C:\desenvolvimento\tcc-legado\monolito-biblioteca\src\main\java\tcc\legado\dao\EmprestimoDAO.java,tcc.legado.dao.EmprestimoDAO,"atualizarDevolucao/3[java.lang.Long,java.util.Date,double]",multa,1
C:\desenvolvimento\tcc-legado\monolito-biblioteca\src\main\java\tcc\legado\dao\EmprestimoDAO.java,tcc.legado.dao.EmprestimoDAO,"atualizarDevolucao/3[java.lang.Long,java.util.Date,double]",dataDevolucao,1
C:\desenvolvimento\tcc-legado\monolito-biblioteca\src\main\java\tcc\legado\dao\EmprestimoDAO.java,tcc.legado.dao.EmprestimoDAO,"atualizarDevolucao/3[java.lang.Long,java.util.Date,double]",sql,2
C:\desenvolvimento\tcc-legado\monolito-biblioteca\src\main\java\tcc\legado\dao\EmprestimoDAO.java,tcc.legado.dao.EmprestimoDAO,"atualizarMulta/2[java.lang.Long,double]",conn,1
C:\desenvolvimento\tcc-legado\monolito-biblioteca\src\main\java\tcc\legado\dao\EmprestimoDAO.java,tcc.legado.dao.EmprestimoDAO,"atualizarMulta/2[java.lang.Long,double]",ps,3
C:\desenvolvimento\tcc-legado\monolito-biblioteca\src\main\java\tcc\legado\dao\EmprestimoDAO.java,tcc.legado.dao.EmprestimoDAO,"atualizarMulta/2[java.lang.Long,double]",idEmprestimo,2
C:\desenvolvimento\tcc-legado\monolito-biblioteca\src\main\java\tcc\legado\dao\EmprestimoDAO.java,tcc.legado.dao.EmprestimoDAO,"atualizarMulta/2[java.lang.Long,double]",e,1
C:\desenvolvimento\tcc-legado\monolito-biblioteca\src\main\java\tcc\legado\dao\EmprestimoDAO.java,tcc.legado.dao.EmprestimoDAO,"atualizarMulta/2[java.lang.Long,double]",multa,1
C:\desenvolvimento\tcc-legado\monolito-biblioteca\src\main\java\tcc\legado\dao\EmprestimoDAO.java,tcc.legado.dao.EmprestimoDAO,"atualizarMulta/2[java.lang.Long,double]",sql,1
C:\desenvolvimento\tcc-legado\monolito-biblioteca\src\main\java\tcc\legado\dao\EmprestimoDAO.java,tcc.legado.dao.EmprestimoDAO,listarTodos/0,lista,2
C:\desenvolvimento\tcc-legado\monolito-biblioteca\src\main\java\tcc\legado\dao\EmprestimoDAO.java,tcc.legado.dao.EmprestimoDAO,listarTodos/0,rs,8
C:\desenvolvimento\tcc-legado\monolito-biblioteca\src\main\java\tcc\legado\dao\EmprestimoDAO.java,tcc.legado.dao.EmprestimoDAO,listarTodos/0,conn,1
C:\desenvolvimento\tcc-legado\monolito-biblioteca\src\main\java\tcc\legado\dao\EmprestimoDAO.java,tcc.legado.dao.EmprestimoDAO,listarTodos/0,ex,1
C:\desenvolvimento\tcc-legado\monolito-biblioteca\src\main\java\tcc\legado\dao\EmprestimoDAO.java,tcc.legado.dao.EmprestimoDAO,listarTodos/0,e,8
C:\desenvolvimento\tcc-legado\monolito-biblioteca\src\main\java\tcc\legado\dao\EmprestimoDAO.java,tcc.legado.dao.EmprestimoDAO,listarTodos/0,stmt,1
C:\desenvolvimento\tcc-legado\monolito-biblioteca\src\main\java\tcc\legado\dao\EmprestimoDAO.java,tcc.legado.dao.EmprestimoDAO,listarTodos/0,sql,1
C:\desenvolvimento\tcc-legado\monolito-biblioteca\src\main\java\tcc\legado\service\EmprestimoService.java,tcc.legado.service.EmprestimoService,"calcularMulta/3[tcc.legado.model.Emprestimo,java.lang.String,java.time.LocalDate]",cursor,4
C:\desenvolvimento\tcc-legado\monolito-biblioteca\src\main\java\tcc\legado\service\EmprestimoService.java,tcc.legado.service.EmprestimoService,"calcularMulta/3[tcc.legado.model.Emprestimo,java.lang.String,java.time.LocalDate]",dataReferencia,2
C:\desenvolvimento\tcc-legado\monolito-biblioteca\src\main\java\tcc\legado\service\EmprestimoService.java,tcc.legado.service.EmprestimoService,"calcularMulta/3[tcc.legado.model.Emprestimo,java.lang.String,java.time.LocalDate]",ano,4
C:\desenvolvimento\tcc-legado\monolito-biblioteca\src\main\java\tcc\legado\service\EmprestimoService.java,tcc.legado.service.EmprestimoService,"calcularMulta/3[tcc.legado.model.Emprestimo,java.lang.String,java.time.LocalDate]",diasUteisAtraso,4
C:\desenvolvimento\tcc-legado\monolito-biblioteca\src\main\java\tcc\legado\service\EmprestimoService.java,tcc.legado.service.EmprestimoService,"calcularMulta/3[tcc.legado.model.Emprestimo,java.lang.String,java.time.LocalDate]",feriados,3
C:\desenvolvimento\tcc-legado\monolito-biblioteca\src\main\java\tcc\legado\service\EmprestimoService.java,tcc.legado.service.EmprestimoService,"calcularMulta/3[tcc.legado.model.Emprestimo,java.lang.String,java.time.LocalDate]",multa,2
C:\desenvolvimento\tcc-legado\monolito-biblioteca\src\main\java\tcc\legado\service\EmprestimoService.java,tcc.legado.service.EmprestimoService,"calcularMulta/3[tcc.legado.model.Emprestimo,java.lang.String,java.time.LocalDate]",emp,1
C:\desenvolvimento\tcc-legado\monolito-biblioteca\src\main\java\tcc\legado\service\EmprestimoService.java,tcc.legado.service.EmprestimoService,"calcularMulta/3[tcc.legado.model.Emprestimo,java.lang.String,java.time.LocalDate]",tipoUsuario,1
C:\desenvolvimento\tcc-legado\monolito-biblioteca\src\main\java\tcc\legado\service\EmprestimoService.java,tcc.legado.service.EmprestimoService,"calcularMulta/3[tcc.legado.model.Emprestimo,java.lang.String,java.time.LocalDate]",dataPrevistaUtil,1
C:\desenvolvimento\tcc-legado\monolito-biblioteca\src\main\java\tcc\legado\service\EmprestimoService.java,tcc.legado.service.EmprestimoService,"calcularMulta/3[tcc.legado.model.Emprestimo,java.lang.String,java.time.LocalDate]",dataPrevista,3
C:\desenvolvimento\tcc-legado\monolito-biblioteca\src\main\java\tcc\legado\service\EmprestimoService.java,tcc.legado.service.EmprestimoService,"calcularMulta/3[tcc.legado.model.Emprestimo,java.lang.String,java.time.LocalDate]",valorDia,4
C:\desenvolvimento\tcc-legado\monolito-biblioteca\src\main\java\tcc\legado\service\EmprestimoService.java,tcc.legado.service.EmprestimoService,registrarDevolucao/1[java.lang.Long],hoje,3
C:\desenvolvimento\tcc-legado\monolito-biblioteca\src\main\java\tcc\legado\service\EmprestimoService.java,tcc.legado.service.EmprestimoService,registrarDevolucao/1[java.lang.Long],idEmprestimo,2
C:\desenvolvimento\tcc-legado\monolito-biblioteca\src\main\java\tcc\legado\service\EmprestimoService.java,tcc.legado.service.EmprestimoService,registrarDevolucao/1[java.lang.Long],livro,4
C:\desenvolvimento\tcc-legado\monolito-biblioteca\src\main\java\tcc\legado\service\EmprestimoService.java,tcc.legado.service.EmprestimoService,registrarDevolucao/1[java.lang.Long],multa,3
C:\desenvolvimento\tcc-legado\monolito-biblioteca\src\main\java\tcc\legado\service\EmprestimoService.java,tcc.legado.service.EmprestimoService,registrarDevolucao/1[java.lang.Long],emp,8
C:\desenvolvimento\tcc-legado\monolito-biblioteca\src\main\java\tcc\legado\service\EmprestimoService.java,tcc.legado.service.EmprestimoService,registrarDevolucao/1[java.lang.Long],usuario,2
C:\desenvolvimento\tcc-legado\monolito-biblioteca\src\main\java\tcc\legado\service\EmprestimoService.java,tcc.legado.service.EmprestimoService,buscarPorId/1[java.lang.Long],id,1
C:\desenvolvimento\tcc-legado\monolito-biblioteca\src\main\java\tcc\legado\service\EmprestimoService.java,tcc.legado.service.EmprestimoService,"criarEmprestimo/2[java.lang.Long,java.lang.String]",livro,6
C:\desenvolvimento\tcc-legado\monolito-biblioteca\src\main\java\tcc\legado\service\EmprestimoService.java,tcc.legado.service.EmprestimoService,"criarEmprestimo/2[java.lang.Long,java.lang.String]",idLivro,1
C:\desenvolvimento\tcc-legado\monolito-biblioteca\src\main\java\tcc\legado\service\EmprestimoService.java,tcc.legado.service.EmprestimoService,"criarEmprestimo/2[java.lang.Long,java.lang.String]",matricula,1
C:\desenvolvimento\tcc-legado\monolito-biblioteca\src\main\java\tcc\legado\service\EmprestimoService.java,tcc.legado.service.EmprestimoService,"criarEmprestimo/2[java.lang.Long,java.lang.String]",emp,8
C:\desenvolvimento\tcc-legado\monolito-biblioteca\src\main\java\tcc\legado\service\EmprestimoService.java,tcc.legado.service.EmprestimoService,"criarEmprestimo/2[java.lang.Long,java.lang.String]",usuario,3
C:\desenvolvimento\tcc-legado\monolito-biblioteca\src\main\java\tcc\legado\service\EmprestimoService.java,tcc.legado.service.EmprestimoService,"criarEmprestimo/2[java.lang.Long,java.lang.String]",diasUteisPrazo,4
C:\desenvolvimento\tcc-legado\monolito-biblioteca\src\main\java\tcc\legado\service\EmprestimoService.java,tcc.legado.service.EmprestimoService,"criarEmprestimo/2[java.lang.Long,java.lang.String]",dataPrevista,1
C:\desenvolvimento\tcc-legado\monolito-biblioteca\src\main\java\tcc\legado\service\EmprestimoService.java,tcc.legado.service.EmprestimoService,atualizarMultasAtrasadas/0,hoje,1
C:\desenvolvimento\tcc-legado\monolito-biblioteca\src\main\java\tcc\legado\service\EmprestimoService.java,tcc.legado.service.EmprestimoService,atualizarMultasAtrasadas/0,multa,1
C:\desenvolvimento\tcc-legado\monolito-biblioteca\src\main\java\tcc\legado\service\EmprestimoService.java,tcc.legado.service.EmprestimoService,atualizarMultasAtrasadas/0,emp,4
C:\desenvolvimento\tcc-legado\monolito-biblioteca\src\main\java\tcc\legado\service\EmprestimoService.java,tcc.legado.service.EmprestimoService,atualizarMultasAtrasadas/0,usuario,2
C:\desenvolvimento\tcc-legado\monolito-biblioteca\src\main\java\tcc\legado\service\EmprestimoService.java,tcc.legado.service.EmprestimoService,"isDiaUtil/2[java.time.LocalDate,java.util.List<java.time.LocalDate>]",data,2
C:\desenvolvimento\tcc-legado\monolito-biblioteca\src\main\java\tcc\legado\service\EmprestimoService.java,tcc.legado.service.EmprestimoService,"isDiaUtil/2[java.time.LocalDate,java.util.List<java.time.LocalDate>]",feriados,1
C:\desenvolvimento\tcc-legado\monolito-biblioteca\src\main\java\tcc\legado\service\EmprestimoService.java,tcc.legado.service.EmprestimoService,calcularDataPrevistaComFeriados/1[int],dataAtual,2
C:\desenvolvimento\tcc-legado\monolito-biblioteca\src\main\java\tcc\legado\service\EmprestimoService.java,tcc.legado.service.EmprestimoService,calcularDataPrevistaComFeriados/1[int],ano,4
C:\desenvolvimento\tcc-legado\monolito-biblioteca\src\main\java\tcc\legado\service\EmprestimoService.java,tcc.legado.service.EmprestimoService,calcularDataPrevistaComFeriados/1[int],feriados,3
C:\desenvolvimento\tcc-legado\monolito-biblioteca\src\main\java\tcc\legado\service\EmprestimoService.java,tcc.legado.service.EmprestimoService,calcularDataPrevistaComFeriados/1[int],dataPrevista,5
C:\desenvolvimento\tcc-legado\monolito-biblioteca\src\main\java\tcc\legado\service\EmprestimoService.java,tcc.legado.service.EmprestimoService,calcularDataPrevistaComFeriados/1[int],diasUteis,2
C:\desenvolvimento\tcc-legado\monolito-biblioteca\src\main\java\tcc\legado\dao\AuthDAO.java,tcc.legado.dao.AuthDAO,"autenticar/2[java.lang.String,java.lang.String]",senhaHash,1
C:\desenvolvimento\tcc-legado\monolito-biblioteca\src\main\java\tcc\legado\dao\AuthDAO.java,tcc.legado.dao.AuthDAO,"autenticar/2[java.lang.String,java.lang.String]",senha,1
C:\desenvolvimento\tcc-legado\monolito-biblioteca\src\main\java\tcc\legado\dao\AuthDAO.java,tcc.legado.dao.AuthDAO,"autenticar/2[java.lang.String,java.lang.String]",rs,7
C:\desenvolvimento\tcc-legado\monolito-biblioteca\src\main\java\tcc\legado\dao\AuthDAO.java,tcc.legado.dao.AuthDAO,"autenticar/2[java.lang.String,java.lang.String]",conn,1
C:\desenvolvimento\tcc-legado\monolito-biblioteca\src\main\java\tcc\legado\dao\AuthDAO.java,tcc.legado.dao.AuthDAO,"autenticar/2[java.lang.String,java.lang.String]",ps,3
C:\desenvolvimento\tcc-legado\monolito-biblioteca\src\main\java\tcc\legado\dao\AuthDAO.java,tcc.legado.dao.AuthDAO,"autenticar/2[java.lang.String,java.lang.String]",e,1
C:\desenvolvimento\tcc-legado\monolito-biblioteca\src\main\java\tcc\legado\dao\AuthDAO.java,tcc.legado.dao.AuthDAO,"autenticar/2[java.lang.String,java.lang.String]",matricula,1
C:\desenvolvimento\tcc-legado\monolito-biblioteca\src\main\java\tcc\legado\dao\AuthDAO.java,tcc.legado.dao.AuthDAO,"autenticar/2[java.lang.String,java.lang.String]",usuario,7
C:\desenvolvimento\tcc-legado\monolito-biblioteca\src\main\java\tcc\legado\dao\AuthDAO.java,tcc.legado.dao.AuthDAO,"autenticar/2[java.lang.String,java.lang.String]",sql,1
C:\desenvolvimento\tcc-legado\monolito-biblioteca\src\main\java\tcc\legado\dao\AuthDAO.java,tcc.legado.dao.AuthDAO,getConnection/0,e,1
C:\desenvolvimento\tcc-legado\monolito-biblioteca\src\main\java\tcc\legado\ejb\usuario\UsuarioEJB.java,tcc.legado.ejb.usuario.UsuarioEJB,buscarPorId/1[java.lang.Long],id,1
C:\desenvolvimento\tcc-legado\monolito-biblioteca\src\main\java\tcc\legado\ejb\usuario\UsuarioEJB.java,tcc.legado.ejb.usuario.UsuarioEJB,atualizar/1[tcc.legado.model.Usuario],usuario,2
C:\desenvolvimento\tcc-legado\monolito-biblioteca\src\main\java\tcc\legado\ejb\usuario\UsuarioEJB.java,tcc.legado.ejb.usuario.UsuarioEJB,buscarPorMatricula/1[java.lang.String],matricula,1
C:\desenvolvimento\tcc-legado\monolito-biblioteca\src\main\java\tcc\legado\ejb\usuario\UsuarioEJB.java,tcc.legado.ejb.usuario.UsuarioEJB,salvar/1[tcc.legado.model.Usuario],usuario,3
C:\desenvolvimento\tcc-legado\monolito-biblioteca\src\main\java\tcc\legado\ejb\usuario\UsuarioEJB.java,tcc.legado.ejb.usuario.UsuarioEJB,excluir/1[java.lang.Long],id,2
C:\desenvolvimento\tcc-legado\monolito-biblioteca\src\main\java\tcc\legado\model\Emprestimo.java,tcc.legado.model.Emprestimo,setDataEmprestimo/1[java.util.Date],dataEmprestimo,2
C:\desenvolvimento\tcc-legado\monolito-biblioteca\src\main\java\tcc\legado\model\Emprestimo.java,tcc.legado.model.Emprestimo,setIdLivro/1[java.lang.Long],idLivro,2
C:\desenvolvimento\tcc-legado\monolito-biblioteca\src\main\java\tcc\legado\model\Emprestimo.java,tcc.legado.model.Emprestimo,setId/1[java.lang.Long],id,2
C:\desenvolvimento\tcc-legado\monolito-biblioteca\src\main\java\tcc\legado\model\Emprestimo.java,tcc.legado.model.Emprestimo,setMulta/1[java.lang.Double],multa,2
C:\desenvolvimento\tcc-legado\monolito-biblioteca\src\main\java\tcc\legado\model\Emprestimo.java,tcc.legado.model.Emprestimo,setIdUsuario/1[java.lang.Long],idUsuario,2
C:\desenvolvimento\tcc-legado\monolito-biblioteca\src\main\java\tcc\legado\model\Emprestimo.java,tcc.legado.model.Emprestimo,setDataPrevistaDevolucao/1[java.util.Date],dataPrevistaDevolucao,2
C:\desenvolvimento\tcc-legado\monolito-biblioteca\src\main\java\tcc\legado\model\Emprestimo.java,tcc.legado.model.Emprestimo,setDataDevolucaoReal/1[java.util.Date],dataDevolucaoReal,2
C:\desenvolvimento\tcc-legado\monolito-biblioteca\src\main\java\tcc\legado\dao\LivroDAO.java,tcc.legado.dao.LivroDAO,buscarPorId/1[java.lang.Long],rs,8
C:\desenvolvimento\tcc-legado\monolito-biblioteca\src\main\java\tcc\legado\dao\LivroDAO.java,tcc.legado.dao.LivroDAO,buscarPorId/1[java.lang.Long],conn,1
C:\desenvolvimento\tcc-legado\monolito-biblioteca\src\main\java\tcc\legado\dao\LivroDAO.java,tcc.legado.dao.LivroDAO,buscarPorId/1[java.lang.Long],ps,2
C:\desenvolvimento\tcc-legado\monolito-biblioteca\src\main\java\tcc\legado\dao\LivroDAO.java,tcc.legado.dao.LivroDAO,buscarPorId/1[java.lang.Long],e,1
C:\desenvolvimento\tcc-legado\monolito-biblioteca\src\main\java\tcc\legado\dao\LivroDAO.java,tcc.legado.dao.LivroDAO,buscarPorId/1[java.lang.Long],id,1
C:\desenvolvimento\tcc-legado\monolito-biblioteca\src\main\java\tcc\legado\dao\LivroDAO.java,tcc.legado.dao.LivroDAO,buscarPorId/1[java.lang.Long],l,8
C:\desenvolvimento\tcc-legado\monolito-biblioteca\src\main\java\tcc\legado\dao\LivroDAO.java,tcc.legado.dao.LivroDAO,buscarPorId/1[java.lang.Long],sql,1
C:\desenvolvimento\tcc-legado\monolito-biblioteca\src\main\java\tcc\legado\dao\LivroDAO.java,tcc.legado.dao.LivroDAO,getConnection/0,e,1
C:\desenvolvimento\tcc-legado\monolito-biblioteca\src\main\java\tcc\legado\dao\LivroDAO.java,tcc.legado.dao.LivroDAO,atualizar/1[tcc.legado.model.Livro],conn,1
C:\desenvolvimento\tcc-legado\monolito-biblioteca\src\main\java\tcc\legado\dao\LivroDAO.java,tcc.legado.dao.LivroDAO,atualizar/1[tcc.legado.model.Livro],ps,8
C:\desenvolvimento\tcc-legado\monolito-biblioteca\src\main\java\tcc\legado\dao\LivroDAO.java,tcc.legado.dao.LivroDAO,atualizar/1[tcc.legado.model.Livro],livro,7
C:\desenvolvimento\tcc-legado\monolito-biblioteca\src\main\java\tcc\legado\dao\LivroDAO.java,tcc.legado.dao.LivroDAO,atualizar/1[tcc.legado.model.Livro],e,1
C:\desenvolvimento\tcc-legado\monolito-biblioteca\src\main\java\tcc\legado\dao\LivroDAO.java,tcc.legado.dao.LivroDAO,atualizar/1[tcc.legado.model.Livro],sql,1
C:\desenvolvimento\tcc-legado\monolito-biblioteca\src\main\java\tcc\legado\dao\LivroDAO.java,tcc.legado.dao.LivroDAO,excluir/1[java.lang.Long],conn,1
C:\desenvolvimento\tcc-legado\monolito-biblioteca\src\main\java\tcc\legado\dao\LivroDAO.java,tcc.legado.dao.LivroDAO,excluir/1[java.lang.Long],ps,2
C:\desenvolvimento\tcc-legado\monolito-biblioteca\src\main\java\tcc\legado\dao\LivroDAO.java,tcc.legado.dao.LivroDAO,excluir/1[java.lang.Long],e,3
C:\desenvolvimento\tcc-legado\monolito-biblioteca\src\main\java\tcc\legado\dao\LivroDAO.java,tcc.legado.dao.LivroDAO,excluir/1[java.lang.Long],id,2
C:\desenvolvimento\tcc-legado\monolito-biblioteca\src\main\java\tcc\legado\dao\LivroDAO.java,tcc.legado.dao.LivroDAO,excluir/1[java.lang.Long],affected,1
C:\desenvolvimento\tcc-legado\monolito-biblioteca\src\main\java\tcc\legado\dao\LivroDAO.java,tcc.legado.dao.LivroDAO,excluir/1[java.lang.Long],sql,1
C:\desenvolvimento\tcc-legado\monolito-biblioteca\src\main\java\tcc\legado\dao\LivroDAO.java,tcc.legado.dao.LivroDAO,listarTodos/0,rs,8
C:\desenvolvimento\tcc-legado\monolito-biblioteca\src\main\java\tcc\legado\dao\LivroDAO.java,tcc.legado.dao.LivroDAO,listarTodos/0,conn,1
C:\desenvolvimento\tcc-legado\monolito-biblioteca\src\main\java\tcc\legado\dao\LivroDAO.java,tcc.legado.dao.LivroDAO,listarTodos/0,e,1
C:\desenvolvimento\tcc-legado\monolito-biblioteca\src\main\java\tcc\legado\dao\LivroDAO.java,tcc.legado.dao.LivroDAO,listarTodos/0,livros,2
C:\desenvolvimento\tcc-legado\monolito-biblioteca\src\main\java\tcc\legado\dao\LivroDAO.java,tcc.legado.dao.LivroDAO,listarTodos/0,l,8
C:\desenvolvimento\tcc-legado\monolito-biblioteca\src\main\java\tcc\legado\dao\LivroDAO.java,tcc.legado.dao.LivroDAO,listarTodos/0,stmt,1
C:\desenvolvimento\tcc-legado\monolito-biblioteca\src\main\java\tcc\legado\dao\LivroDAO.java,tcc.legado.dao.LivroDAO,listarTodos/0,sql,1
C:\desenvolvimento\tcc-legado\monolito-biblioteca\src\main\java\tcc\legado\dao\LivroDAO.java,tcc.legado.dao.LivroDAO,salvar/1[tcc.legado.model.Livro],rs,2
C:\desenvolvimento\tcc-legado\monolito-biblioteca\src\main\java\tcc\legado\dao\LivroDAO.java,tcc.legado.dao.LivroDAO,salvar/1[tcc.legado.model.Livro],conn,1
C:\desenvolvimento\tcc-legado\monolito-biblioteca\src\main\java\tcc\legado\dao\LivroDAO.java,tcc.legado.dao.LivroDAO,salvar/1[tcc.legado.model.Livro],ps,8
C:\desenvolvimento\tcc-legado\monolito-biblioteca\src\main\java\tcc\legado\dao\LivroDAO.java,tcc.legado.dao.LivroDAO,salvar/1[tcc.legado.model.Livro],livro,7
C:\desenvolvimento\tcc-legado\monolito-biblioteca\src\main\java\tcc\legado\dao\LivroDAO.java,tcc.legado.dao.LivroDAO,salvar/1[tcc.legado.model.Livro],e,1
C:\desenvolvimento\tcc-legado\monolito-biblioteca\src\main\java\tcc\legado\dao\LivroDAO.java,tcc.legado.dao.LivroDAO,salvar/1[tcc.legado.model.Livro],sql,1
C:\desenvolvimento\tcc-legado\monolito-biblioteca\src\main\java\tcc\legado\job\AtualizarMaisEmprestadosJob.java,tcc.legado.job.AtualizarMaisEmprestadosJob,execute/1[tcc.legado.job.JobExecutionContext],dao,3
C:\desenvolvimento\tcc-legado\monolito-biblioteca\src\main\java\tcc\legado\job\AtualizarMaisEmprestadosJob.java,tcc.legado.job.AtualizarMaisEmprestadosJob,execute/1[tcc.legado.job.JobExecutionContext],primeiroDia,1
C:\desenvolvimento\tcc-legado\monolito-biblioteca\src\main\java\tcc\legado\job\AtualizarMaisEmprestadosJob.java,tcc.legado.job.AtualizarMaisEmprestadosJob,execute/1[tcc.legado.job.JobExecutionContext],posicao,2
C:\desenvolvimento\tcc-legado\monolito-biblioteca\src\main\java\tcc\legado\job\AtualizarMaisEmprestadosJob.java,tcc.legado.job.AtualizarMaisEmprestadosJob,execute/1[tcc.legado.job.JobExecutionContext],livro,4
C:\desenvolvimento\tcc-legado\monolito-biblioteca\src\main\java\tcc\legado\job\AtualizarMaisEmprestadosJob.java,tcc.legado.job.AtualizarMaisEmprestadosJob,execute/1[tcc.legado.job.JobExecutionContext],e,2
C:\desenvolvimento\tcc-legado\monolito-biblioteca\src\main\java\tcc\legado\job\AtualizarMaisEmprestadosJob.java,tcc.legado.job.AtualizarMaisEmprestadosJob,execute/1[tcc.legado.job.JobExecutionContext],ultimoDia,1
C:\desenvolvimento\tcc-legado\monolito-biblioteca\src\main\java\tcc\legado\job\AtualizarMaisEmprestadosJob.java,tcc.legado.job.AtualizarMaisEmprestadosJob,execute/1[tcc.legado.job.JobExecutionContext],context,0
C:\desenvolvimento\tcc-legado\monolito-biblioteca\src\main\java\tcc\legado\job\AtualizarMaisEmprestadosJob.java,tcc.legado.job.AtualizarMaisEmprestadosJob,execute/1[tcc.legado.job.JobExecutionContext],destaque,10
C:\desenvolvimento\tcc-legado\monolito-biblioteca\src\main\java\tcc\legado\job\AtualizarMaisEmprestadosJob.java,tcc.legado.job.AtualizarMaisEmprestadosJob,execute/1[tcc.legado.job.JobExecutionContext],topLivros,3
C:\desenvolvimento\tcc-legado\monolito-biblioteca\src\main\java\tcc\legado\job\AtualizarMaisEmprestadosJob.java,tcc.legado.job.AtualizarMaisEmprestadosJob,execute/1[tcc.legado.job.JobExecutionContext],cal,11
